{
  "type": "FeatureCollection",
  "features": [
    {
      "type": "Feature",
      "id": "b-001-ug-UG11",
      "properties": {
        "roomId": "b-001-ug-UG11",
        "floorId": "b-001-ug",
        "buildingId": "b-001",
        "nr": "UG11",
        "type": "WC",
        "area": 12,
        "workspaces": 0,
        "groundElevation": 540.3,
        "baseHeight": 0,
        "topHeight": 3.5
      },
      "geometry": {
        "type": "Polygon",
        "coordinates": [
          [
            [
              7.446942,
              46.948011
            ],
            [
              7.44697,
              46.948011
            ],
            [
              7.44697,
              46.948061
            ],
            [
              7.446942,
              46.948061
            ],
            [
              7.446942,
              46.948011
            ]
          ]
        ]
      }
    },
    {
      "type": "Feature",
      "id": "b-001-ug-UG05",
      "properties": {
        "roomId": "b-001-ug-UG05",
        "floorId": "b-001-ug",
        "buildingId": "b-001",
        "nr": "UG05",
        "type": "Lager",
        "area": 24,
        "workspaces": 0,
        "groundElevation": 540.3,
        "baseHeight": 0,
        "topHeight": 3.5
      },
      "geometry": {
        "type": "Polygon",
        "coordinates": [
          [
            [
              7.446974,
              46.948011
            ],
            [
              7.447032,
              46.948011
            ],
            [
              7.447032,
              46.948061
            ],
            [
              7.446974,
              46.948061
            ],
            [
              7.446974,
              46.948011
            ]
          ]
        ]
      }
    },
    {
      "type": "Feature",
      "id": "b-001-ug-UG08",
      "properties": {
        "roomId": "b-001-ug-UG08",
        "floorId": "b-001-ug",
        "buildingId": "b-001",
        "nr": "UG08",
        "type": "Lager",
        "area": 22,
        "workspaces": 0,
        "groundElevation": 540.3,
        "baseHeight": 0,
        "topHeight": 3.5
      },
      "geometry": {
        "type": "Polygon",
        "coordinates": [
          [
            [
              7.447036,
              46.948011
            ],
            [
              7.447089,
              46.948011
            ],
            [
              7.447089,
              46.948061
            ],
            [
              7.447036,
              46.948061
            ],
            [
              7.447036,
              46.948011
            ]
          ]
        ]
      }
    },
    {
      "type": "Feature",
      "id": "b-001-ug-UG07",
      "properties": {
        "roomId": "b-001-ug-UG07",
        "floorId": "b-001-ug",
        "buildingId": "b-001",
        "nr": "UG07",
        "type": "Lager",
        "area": 20,
        "workspaces": 0,
        "groundElevation": 540.3,
        "baseHeight": 0,
        "topHeight": 3.5
      },
      "geometry": {
        "type": "Polygon",
        "coordinates": [
          [
            [
              7.447093,
              46.948011
            ],
            [
              7.447141,
              46.948011
            ],
            [
              7.447141,
              46.948061
            ],
            [
              7.447093,
              46.948061
            ],
            [
              7.447093,
              46.948011
            ]
          ]
        ]
      }
    },
    {
      "type": "Feature",
      "id": "b-001-ug-UG04",
      "properties": {
        "roomId": "b-001-ug-UG04",
        "floorId": "b-001-ug",
        "buildingId": "b-001",
        "nr": "UG04",
        "type": "Lager",
        "area": 18,
        "workspaces": 0,
        "groundElevation": 540.3,
        "baseHeight": 0,
        "topHeight": 3.5
      },
      "geometry": {
        "type": "Polygon",
        "coordinates": [
          [
            [
              7.447144,
              46.948011
            ],
            [
              7.447188,
              46.948011
            ],
            [
              7.447188,
              46.948061
            ],
            [
              7.447144,
              46.948061
            ],
            [
              7.447144,
              46.948011
            ]
          ]
        ]
      }
    },
    {
      "type": "Feature",
      "id": "b-001-ug-UG13",
      "properties": {
        "roomId": "b-001-ug-UG13",
        "floorId": "b-001-ug",
        "buildingId": "b-001",
        "nr": "UG13",
        "type": "Lager",
        "area": 16,
        "workspaces": 0,
        "groundElevation": 540.3,
        "baseHeight": 0,
        "topHeight": 3.5
      },
      "geometry": {
        "type": "Polygon",
        "coordinates": [
          [
            [
              7.447192,
              46.948011
            ],
            [
              7.44723,
              46.948011
            ],
            [
              7.44723,
              46.948061
            ],
            [
              7.447192,
              46.948061
            ],
            [
              7.447192,
              46.948011
            ]
          ]
        ]
      }
    },
    {
      "type": "Feature",
      "id": "b-001-ug-UG12",
      "properties": {
        "roomId": "b-001-ug-UG12",
        "floorId": "b-001-ug",
        "buildingId": "b-001",
        "nr": "UG12",
        "type": "WC",
        "area": 10,
        "workspaces": 0,
        "groundElevation": 540.3,
        "baseHeight": 0,
        "topHeight": 3.5
      },
      "geometry": {
        "type": "Polygon",
        "coordinates": [
          [
            [
              7.446942,
              46.947939
            ],
            [
              7.446966,
              46.947939
            ],
            [
              7.446966,
              46.947989
            ],
            [
              7.446942,
              46.947989
            ],
            [
              7.446942,
              46.947939
            ]
          ]
        ]
      }
    },
    {
      "type": "Feature",
      "id": "b-001-ug-UG02",
      "properties": {
        "roomId": "b-001-ug-UG02",
        "floorId": "b-001-ug",
        "buildingId": "b-001",
        "nr": "UG02",
        "type": "Lager",
        "area": 25,
        "workspaces": 0,
        "groundElevation": 540.3,
        "baseHeight": 0,
        "topHeight": 3.5
      },
      "geometry": {
        "type": "Polygon",
        "coordinates": [
          [
            [
              7.44697,
              46.947939
            ],
            [
              7.447029,
              46.947939
            ],
            [
              7.447029,
              46.947989
            ],
            [
              7.44697,
              46.947989
            ],
            [
              7.44697,
              46.947939
            ]
          ]
        ]
      }
    },
    {
      "type": "Feature",
      "id": "b-001-ug-UG01",
      "properties": {
        "roomId": "b-001-ug-UG01",
        "floorId": "b-001-ug",
        "buildingId": "b-001",
        "nr": "UG01",
        "type": "Lager",
        "area": 22,
        "workspaces": 0,
        "groundElevation": 540.3,
        "baseHeight": 0,
        "topHeight": 3.5
      },
      "geometry": {
        "type": "Polygon",
        "coordinates": [
          [
            [
              7.447033,
              46.947939
            ],
            [
              7.447086,
              46.947939
            ],
            [
              7.447086,
              46.947989
            ],
            [
              7.447033,
              46.947989
            ],
            [
              7.447033,
              46.947939
            ]
          ]
        ]
      }
    },
    {
      "type": "Feature",
      "id": "b-001-ug-UG03",
      "properties": {
        "roomId": "b-001-ug-UG03",
        "floorId": "b-001-ug",
        "buildingId": "b-001",
        "nr": "UG03",
        "type": "Lager",
        "area": 20,
        "workspaces": 0,
        "groundElevation": 540.3,
        "baseHeight": 0,
        "topHeight": 3.5
      },
      "geometry": {
        "type": "Polygon",
        "coordinates": [
          [
            [
              7.44709,
              46.947939
            ],
            [
              7.447138,
              46.947939
            ],
            [
              7.447138,
              46.947989
            ],
            [
              7.44709,
              46.947989
            ],
            [
              7.44709,
              46.947939
            ]
          ]
        ]
      }
    },
    {
      "type": "Feature",
      "id": "b-001-ug-UG14",
      "properties": {
        "roomId": "b-001-ug-UG14",
        "floorId": "b-001-ug",
        "buildingId": "b-001",
        "nr": "UG14",
        "type": "Lager",
        "area": 19,
        "workspaces": 0,
        "groundElevation": 540.3,
        "baseHeight": 0,
        "topHeight": 3.5
      },
      "geometry": {
        "type": "Polygon",
        "coordinates": [
          [
            [
              7.447142,
              46.947939
            ],
            [
              7.447188,
              46.947939
            ],
            [
              7.447188,
              46.947989
            ],
            [
              7.447142,
              46.947989
            ],
            [
              7.447142,
              46.947939
            ]
          ]
        ]
      }
    },
    {
      "type": "Feature",
      "id": "b-001-ug-UG06",
      "properties": {
        "roomId": "b-001-ug-UG06",
        "floorId": "b-001-ug",
        "buildingId": "b-001",
        "nr": "UG06",
        "type": "Lager",
        "area": 15,
        "workspaces": 0,
        "groundElevation": 540.3,
        "baseHeight": 0,
        "topHeight": 3.5
      },
      "geometry": {
        "type": "Polygon",
        "coordinates": [
          [
            [
              7.447192,
              46.947939
            ],
            [
              7.447228,
              46.947939
            ],
            [
              7.447228,
              46.947989
            ],
            [
              7.447192,
              46.947989
            ],
            [
              7.447192,
              46.947939
            ]
          ]
        ]
      }
    },
    {
      "type": "Feature",
      "id": "b-001-ug-UG09",
      "properties": {
        "roomId": "b-001-ug-UG09",
        "floorId": "b-001-ug",
        "buildingId": "b-001",
        "nr": "UG09",
        "type": "Korridor",
        "area": 28,
        "workspaces": 0,
        "groundElevation": 540.3,
        "baseHeight": 0,
        "topHeight": 3.5
      },
      "geometry": {
        "type": "Polygon",
        "coordinates": [
          [
            [
              7.446942,
              46.947989
            ],
            [
              7.447089,
              46.947989
            ],
            [
              7.447089,
              46.948011
            ],
            [
              7.446942,
              46.948011
            ],
            [
              7.446942,
              46.947989
            ]
          ]
        ]
      }
    },
    {
      "type": "Feature",
      "id": "b-001-ug-UG10",
      "properties": {
        "roomId": "b-001-ug-UG10",
        "floorId": "b-001-ug",
        "buildingId": "b-001",
        "nr": "UG10",
        "type": "Korridor",
        "area": 25,
        "workspaces": 0,
        "groundElevation": 540.3,
        "baseHeight": 0,
        "topHeight": 3.5
      },
      "geometry": {
        "type": "Polygon",
        "coordinates": [
          [
            [
              7.447093,
              46.947989
            ],
            [
              7.447225,
              46.947989
            ],
            [
              7.447225,
              46.948011
            ],
            [
              7.447093,
              46.948011
            ],
            [
              7.447093,
              46.947989
            ]
          ]
        ]
      }
    },
    {
      "type": "Feature",
      "id": "b-001-eg-EG08",
      "properties": {
        "roomId": "b-001-eg-EG08",
        "floorId": "b-001-eg",
        "buildingId": "b-001",
        "nr": "EG08",
        "type": "Open Space",
        "area": 65,
        "workspaces": 8,
        "groundElevation": 540.3,
        "baseHeight": 3.5,
        "topHeight": 7
      },
      "geometry": {
        "type": "Polygon",
        "coordinates": [
          [
            [
              7.446942,
              46.948011
            ],
            [
              7.447097,
              46.948011
            ],
            [
              7.447097,
              46.948061
            ],
            [
              7.446942,
              46.948061
            ],
            [
              7.446942,
              46.948011
            ]
          ]
        ]
      }
    },
    {
      "type": "Feature",
      "id": "b-001-eg-EG06",
      "properties": {
        "roomId": "b-001-eg-EG06",
        "floorId": "b-001-eg",
        "buildingId": "b-001",
        "nr": "EG06",
        "type": "Büro",
        "area": 30,
        "workspaces": 4,
        "groundElevation": 540.3,
        "baseHeight": 3.5,
        "topHeight": 7
      },
      "geometry": {
        "type": "Polygon",
        "coordinates": [
          [
            [
              7.447101,
              46.948011
            ],
            [
              7.447173,
              46.948011
            ],
            [
              7.447173,
              46.948061
            ],
            [
              7.447101,
              46.948061
            ],
            [
              7.447101,
              46.948011
            ]
          ]
        ]
      }
    },
    {
      "type": "Feature",
      "id": "b-001-eg-EG11",
      "properties": {
        "roomId": "b-001-eg-EG11",
        "floorId": "b-001-eg",
        "buildingId": "b-001",
        "nr": "EG11",
        "type": "Büro",
        "area": 25,
        "workspaces": 3,
        "groundElevation": 540.3,
        "baseHeight": 3.5,
        "topHeight": 7
      },
      "geometry": {
        "type": "Polygon",
        "coordinates": [
          [
            [
              7.447177,
              46.948011
            ],
            [
              7.447237,
              46.948011
            ],
            [
              7.447237,
              46.948061
            ],
            [
              7.447177,
              46.948061
            ],
            [
              7.447177,
              46.948011
            ]
          ]
        ]
      }
    },
    {
      "type": "Feature",
      "id": "b-001-eg-EG05",
      "properties": {
        "roomId": "b-001-eg-EG05",
        "floorId": "b-001-eg",
        "buildingId": "b-001",
        "nr": "EG05",
        "type": "Büro",
        "area": 22,
        "workspaces": 3,
        "groundElevation": 540.3,
        "baseHeight": 3.5,
        "topHeight": 7
      },
      "geometry": {
        "type": "Polygon",
        "coordinates": [
          [
            [
              7.447241,
              46.948011
            ],
            [
              7.447294,
              46.948011
            ],
            [
              7.447294,
              46.948061
            ],
            [
              7.447241,
              46.948061
            ],
            [
              7.447241,
              46.948011
            ]
          ]
        ]
      }
    },
    {
      "type": "Feature",
      "id": "b-001-eg-EG04",
      "properties": {
        "roomId": "b-001-eg-EG04",
        "floorId": "b-001-eg",
        "buildingId": "b-001",
        "nr": "EG04",
        "type": "Büro",
        "area": 20,
        "workspaces": 2,
        "groundElevation": 540.3,
        "baseHeight": 3.5,
        "topHeight": 7
      },
      "geometry": {
        "type": "Polygon",
        "coordinates": [
          [
            [
              7.447298,
              46.948011
            ],
            [
              7.447346,
              46.948011
            ],
            [
              7.447346,
              46.948061
            ],
            [
              7.447298,
              46.948061
            ],
            [
              7.447298,
              46.948011
            ]
          ]
        ]
      }
    },
    {
      "type": "Feature",
      "id": "b-001-eg-EG07",
      "properties": {
        "roomId": "b-001-eg-EG07",
        "floorId": "b-001-eg",
        "buildingId": "b-001",
        "nr": "EG07",
        "type": "Büro",
        "area": 18,
        "workspaces": 2,
        "groundElevation": 540.3,
        "baseHeight": 3.5,
        "topHeight": 7
      },
      "geometry": {
        "type": "Polygon",
        "coordinates": [
          [
            [
              7.44735,
              46.948011
            ],
            [
              7.447393,
              46.948011
            ],
            [
              7.447393,
              46.948061
            ],
            [
              7.44735,
              46.948061
            ],
            [
              7.44735,
              46.948011
            ]
          ]
        ]
      }
    },
    {
      "type": "Feature",
      "id": "b-001-eg-EG21",
      "properties": {
        "roomId": "b-001-eg-EG21",
        "floorId": "b-001-eg",
        "buildingId": "b-001",
        "nr": "EG21",
        "type": "Büro",
        "area": 14,
        "workspaces": 2,
        "groundElevation": 540.3,
        "baseHeight": 3.5,
        "topHeight": 7
      },
      "geometry": {
        "type": "Polygon",
        "coordinates": [
          [
            [
              7.447397,
              46.948011
            ],
            [
              7.447431,
              46.948011
            ],
            [
              7.447431,
              46.948061
            ],
            [
              7.447397,
              46.948061
            ],
            [
              7.447397,
              46.948011
            ]
          ]
        ]
      }
    },
    {
      "type": "Feature",
      "id": "b-001-eg-EG10",
      "properties": {
        "roomId": "b-001-eg-EG10",
        "floorId": "b-001-eg",
        "buildingId": "b-001",
        "nr": "EG10",
        "type": "Sitzungszimmer",
        "area": 28,
        "workspaces": 0,
        "groundElevation": 540.3,
        "baseHeight": 3.5,
        "topHeight": 7
      },
      "geometry": {
        "type": "Polygon",
        "coordinates": [
          [
            [
              7.447434,
              46.948011
            ],
            [
              7.447502,
              46.948011
            ],
            [
              7.447502,
              46.948061
            ],
            [
              7.447434,
              46.948061
            ],
            [
              7.447434,
              46.948011
            ]
          ]
        ]
      }
    },
    {
      "type": "Feature",
      "id": "b-001-eg-EG15",
      "properties": {
        "roomId": "b-001-eg-EG15",
        "floorId": "b-001-eg",
        "buildingId": "b-001",
        "nr": "EG15",
        "type": "Teeküche",
        "area": 14,
        "workspaces": 0,
        "groundElevation": 540.3,
        "baseHeight": 3.5,
        "topHeight": 7
      },
      "geometry": {
        "type": "Polygon",
        "coordinates": [
          [
            [
              7.447506,
              46.948011
            ],
            [
              7.447539,
              46.948011
            ],
            [
              7.447539,
              46.948061
            ],
            [
              7.447506,
              46.948061
            ],
            [
              7.447506,
              46.948011
            ]
          ]
        ]
      }
    },
    {
      "type": "Feature",
      "id": "b-001-eg-EG20",
      "properties": {
        "roomId": "b-001-eg-EG20",
        "floorId": "b-001-eg",
        "buildingId": "b-001",
        "nr": "EG20",
        "type": "Lager",
        "area": 12,
        "workspaces": 0,
        "groundElevation": 540.3,
        "baseHeight": 3.5,
        "topHeight": 7
      },
      "geometry": {
        "type": "Polygon",
        "coordinates": [
          [
            [
              7.447543,
              46.948011
            ],
            [
              7.447572,
              46.948011
            ],
            [
              7.447572,
              46.948061
            ],
            [
              7.447543,
              46.948061
            ],
            [
              7.447543,
              46.948011
            ]
          ]
        ]
      }
    },
    {
      "type": "Feature",
      "id": "b-001-eg-EG01",
      "properties": {
        "roomId": "b-001-eg-EG01",
        "floorId": "b-001-eg",
        "buildingId": "b-001",
        "nr": "EG01",
        "type": "Empfang",
        "area": 45,
        "workspaces": 2,
        "groundElevation": 540.3,
        "baseHeight": 3.5,
        "topHeight": 7
      },
      "geometry": {
        "type": "Polygon",
        "coordinates": [
          [
            [
              7.446942,
              46.947939
            ],
            [
              7.44705,
              46.947939
            ],
            [
              7.44705,
              46.947989
            ],
            [
              7.446942,
              46.947989
            ],
            [
              7.446942,
              46.947939
            ]
          ]
        ]
      }
    },
    {
      "type": "Feature",
      "id": "b-001-eg-EG22",
      "properties": {
        "roomId": "b-001-eg-EG22",
        "floorId": "b-001-eg",
        "buildingId": "b-001",
        "nr": "EG22",
        "type": "Büro",
        "area": 32,
        "workspaces": 4,
        "groundElevation": 540.3,
        "baseHeight": 3.5,
        "topHeight": 7
      },
      "geometry": {
        "type": "Polygon",
        "coordinates": [
          [
            [
              7.447053,
              46.947939
            ],
            [
              7.44713,
              46.947939
            ],
            [
              7.44713,
              46.947989
            ],
            [
              7.447053,
              46.947989
            ],
            [
              7.447053,
              46.947939
            ]
          ]
        ]
      }
    },
    {
      "type": "Feature",
      "id": "b-001-eg-EG02",
      "properties": {
        "roomId": "b-001-eg-EG02",
        "floorId": "b-001-eg",
        "buildingId": "b-001",
        "nr": "EG02",
        "type": "Büro",
        "area": 28,
        "workspaces": 4,
        "groundElevation": 540.3,
        "baseHeight": 3.5,
        "topHeight": 7
      },
      "geometry": {
        "type": "Polygon",
        "coordinates": [
          [
            [
              7.447134,
              46.947939
            ],
            [
              7.447201,
              46.947939
            ],
            [
              7.447201,
              46.947989
            ],
            [
              7.447134,
              46.947989
            ],
            [
              7.447134,
              46.947939
            ]
          ]
        ]
      }
    },
    {
      "type": "Feature",
      "id": "b-001-eg-EG03",
      "properties": {
        "roomId": "b-001-eg-EG03",
        "floorId": "b-001-eg",
        "buildingId": "b-001",
        "nr": "EG03",
        "type": "Büro",
        "area": 24,
        "workspaces": 3,
        "groundElevation": 540.3,
        "baseHeight": 3.5,
        "topHeight": 7
      },
      "geometry": {
        "type": "Polygon",
        "coordinates": [
          [
            [
              7.447205,
              46.947939
            ],
            [
              7.447263,
              46.947939
            ],
            [
              7.447263,
              46.947989
            ],
            [
              7.447205,
              46.947989
            ],
            [
              7.447205,
              46.947939
            ]
          ]
        ]
      }
    },
    {
      "type": "Feature",
      "id": "b-001-eg-EG14",
      "properties": {
        "roomId": "b-001-eg-EG14",
        "floorId": "b-001-eg",
        "buildingId": "b-001",
        "nr": "EG14",
        "type": "Büro",
        "area": 22,
        "workspaces": 3,
        "groundElevation": 540.3,
        "baseHeight": 3.5,
        "topHeight": 7
      },
      "geometry": {
        "type": "Polygon",
        "coordinates": [
          [
            [
              7.447267,
              46.947939
            ],
            [
              7.44732,
              46.947939
            ],
            [
              7.44732,
              46.947989
            ],
            [
              7.447267,
              46.947989
            ],
            [
              7.447267,
              46.947939
            ]
          ]
        ]
      }
    },
    {
      "type": "Feature",
      "id": "b-001-eg-EG12",
      "properties": {
        "roomId": "b-001-eg-EG12",
        "floorId": "b-001-eg",
        "buildingId": "b-001",
        "nr": "EG12",
        "type": "Büro",
        "area": 20,
        "workspaces": 2,
        "groundElevation": 540.3,
        "baseHeight": 3.5,
        "topHeight": 7
      },
      "geometry": {
        "type": "Polygon",
        "coordinates": [
          [
            [
              7.447323,
              46.947939
            ],
            [
              7.447371,
              46.947939
            ],
            [
              7.447371,
              46.947989
            ],
            [
              7.447323,
              46.947989
            ],
            [
              7.447323,
              46.947939
            ]
          ]
        ]
      }
    },
    {
      "type": "Feature",
      "id": "b-001-eg-EG13",
      "properties": {
        "roomId": "b-001-eg-EG13",
        "floorId": "b-001-eg",
        "buildingId": "b-001",
        "nr": "EG13",
        "type": "Büro",
        "area": 16,
        "workspaces": 2,
        "groundElevation": 540.3,
        "baseHeight": 3.5,
        "topHeight": 7
      },
      "geometry": {
        "type": "Polygon",
        "coordinates": [
          [
            [
              7.447375,
              46.947939
            ],
            [
              7.447414,
              46.947939
            ],
            [
              7.447414,
              46.947989
            ],
            [
              7.447375,
              46.947989
            ],
            [
              7.447375,
              46.947939
            ]
          ]
        ]
      }
    },
    {
      "type": "Feature",
      "id": "b-001-eg-EG09",
      "properties": {
        "roomId": "b-001-eg-EG09",
        "floorId": "b-001-eg",
        "buildingId": "b-001",
        "nr": "EG09",
        "type": "Sitzungszimmer",
        "area": 35,
        "workspaces": 0,
        "groundElevation": 540.3,
        "baseHeight": 3.5,
        "topHeight": 7
      },
      "geometry": {
        "type": "Polygon",
        "coordinates": [
          [
            [
              7.447418,
              46.947939
            ],
            [
              7.447502,
              46.947939
            ],
            [
              7.447502,
              46.947989
            ],
            [
              7.447418,
              46.947989
            ],
            [
              7.447418,
              46.947939
            ]
          ]
        ]
      }
    },
    {
      "type": "Feature",
      "id": "b-001-eg-EG18",
      "properties": {
        "roomId": "b-001-eg-EG18",
        "floorId": "b-001-eg",
        "buildingId": "b-001",
        "nr": "EG18",
        "type": "WC",
        "area": 12,
        "workspaces": 0,
        "groundElevation": 540.3,
        "baseHeight": 3.5,
        "topHeight": 7
      },
      "geometry": {
        "type": "Polygon",
        "coordinates": [
          [
            [
              7.447506,
              46.947939
            ],
            [
              7.447534,
              46.947939
            ],
            [
              7.447534,
              46.947989
            ],
            [
              7.447506,
              46.947989
            ],
            [
              7.447506,
              46.947939
            ]
          ]
        ]
      }
    },
    {
      "type": "Feature",
      "id": "b-001-eg-EG19",
      "properties": {
        "roomId": "b-001-eg-EG19",
        "floorId": "b-001-eg",
        "buildingId": "b-001",
        "nr": "EG19",
        "type": "WC",
        "area": 10,
        "workspaces": 0,
        "groundElevation": 540.3,
        "baseHeight": 3.5,
        "topHeight": 7
      },
      "geometry": {
        "type": "Polygon",
        "coordinates": [
          [
            [
              7.447538,
              46.947939
            ],
            [
              7.447562,
              46.947939
            ],
            [
              7.447562,
              46.947989
            ],
            [
              7.447538,
              46.947989
            ],
            [
              7.447538,
              46.947939
            ]
          ]
        ]
      }
    },
    {
      "type": "Feature",
      "id": "b-001-eg-EG16",
      "properties": {
        "roomId": "b-001-eg-EG16",
        "floorId": "b-001-eg",
        "buildingId": "b-001",
        "nr": "EG16",
        "type": "Korridor",
        "area": 26,
        "workspaces": 0,
        "groundElevation": 540.3,
        "baseHeight": 3.5,
        "topHeight": 7
      },
      "geometry": {
        "type": "Polygon",
        "coordinates": [
          [
            [
              7.446942,
              46.947989
            ],
            [
              7.447079,
              46.947989
            ],
            [
              7.447079,
              46.948011
            ],
            [
              7.446942,
              46.948011
            ],
            [
              7.446942,
              46.947989
            ]
          ]
        ]
      }
    },
    {
      "type": "Feature",
      "id": "b-001-eg-EG17",
      "properties": {
        "roomId": "b-001-eg-EG17",
        "floorId": "b-001-eg",
        "buildingId": "b-001",
        "nr": "EG17",
        "type": "Korridor",
        "area": 22,
        "workspaces": 0,
        "groundElevation": 540.3,
        "baseHeight": 3.5,
        "topHeight": 7
      },
      "geometry": {
        "type": "Polygon",
        "coordinates": [
          [
            [
              7.447083,
              46.947989
            ],
            [
              7.447199,
              46.947989
            ],
            [
              7.447199,
              46.948011
            ],
            [
              7.447083,
              46.948011
            ],
            [
              7.447083,
              46.947989
            ]
          ]
        ]
      }
    },
    {
      "type": "Feature",
      "id": "b-001-1-110",
      "properties": {
        "roomId": "b-001-1-110",
        "floorId": "b-001-1",
        "buildingId": "b-001",
        "nr": "110",
        "type": "Open Space",
        "area": 72,
        "workspaces": 10,
        "groundElevation": 540.3,
        "baseHeight": 7,
        "topHeight": 10.5
      },
      "geometry": {
        "type": "Polygon",
        "coordinates": [
          [
            [
              7.446942,
              46.948011
            ],
            [
              7.447114,
              46.948011
            ],
            [
              7.447114,
              46.948061
            ],
            [
              7.446942,
              46.948061
            ],
            [
              7.446942,
              46.948011
            ]
          ]
        ]
      }
    },
    {
      "type": "Feature",
      "id": "b-001-1-103",
      "properties": {
        "roomId": "b-001-1-103",
        "floorId": "b-001-1",
        "buildingId": "b-001",
        "nr": "103",
        "type": "Büro",
        "area": 30,
        "workspaces": 4,
        "groundElevation": 540.3,
        "baseHeight": 7,
        "topHeight": 10.5
      },
      "geometry": {
        "type": "Polygon",
        "coordinates": [
          [
            [
              7.447118,
              46.948011
            ],
            [
              7.44719,
              46.948011
            ],
            [
              7.44719,
              46.948061
            ],
            [
              7.447118,
              46.948061
            ],
            [
              7.447118,
              46.948011
            ]
          ]
        ]
      }
    },
    {
      "type": "Feature",
      "id": "b-001-1-106",
      "properties": {
        "roomId": "b-001-1-106",
        "floorId": "b-001-1",
        "buildingId": "b-001",
        "nr": "106",
        "type": "Büro",
        "area": 26,
        "workspaces": 3,
        "groundElevation": 540.3,
        "baseHeight": 7,
        "topHeight": 10.5
      },
      "geometry": {
        "type": "Polygon",
        "coordinates": [
          [
            [
              7.447194,
              46.948011
            ],
            [
              7.447256,
              46.948011
            ],
            [
              7.447256,
              46.948061
            ],
            [
              7.447194,
              46.948061
            ],
            [
              7.447194,
              46.948011
            ]
          ]
        ]
      }
    },
    {
      "type": "Feature",
      "id": "b-001-1-102",
      "properties": {
        "roomId": "b-001-1-102",
        "floorId": "b-001-1",
        "buildingId": "b-001",
        "nr": "102",
        "type": "Büro",
        "area": 24,
        "workspaces": 3,
        "groundElevation": 540.3,
        "baseHeight": 7,
        "topHeight": 10.5
      },
      "geometry": {
        "type": "Polygon",
        "coordinates": [
          [
            [
              7.44726,
              46.948011
            ],
            [
              7.447318,
              46.948011
            ],
            [
              7.447318,
              46.948061
            ],
            [
              7.44726,
              46.948061
            ],
            [
              7.44726,
              46.948011
            ]
          ]
        ]
      }
    },
    {
      "type": "Feature",
      "id": "b-001-1-104",
      "properties": {
        "roomId": "b-001-1-104",
        "floorId": "b-001-1",
        "buildingId": "b-001",
        "nr": "104",
        "type": "Büro",
        "area": 22,
        "workspaces": 3,
        "groundElevation": 540.3,
        "baseHeight": 7,
        "topHeight": 10.5
      },
      "geometry": {
        "type": "Polygon",
        "coordinates": [
          [
            [
              7.447322,
              46.948011
            ],
            [
              7.447375,
              46.948011
            ],
            [
              7.447375,
              46.948061
            ],
            [
              7.447322,
              46.948061
            ],
            [
              7.447322,
              46.948011
            ]
          ]
        ]
      }
    },
    {
      "type": "Feature",
      "id": "b-001-1-105",
      "properties": {
        "roomId": "b-001-1-105",
        "floorId": "b-001-1",
        "buildingId": "b-001",
        "nr": "105",
        "type": "Büro",
        "area": 20,
        "workspaces": 2,
        "groundElevation": 540.3,
        "baseHeight": 7,
        "topHeight": 10.5
      },
      "geometry": {
        "type": "Polygon",
        "coordinates": [
          [
            [
              7.447379,
              46.948011
            ],
            [
              7.447427,
              46.948011
            ],
            [
              7.447427,
              46.948061
            ],
            [
              7.447379,
              46.948061
            ],
            [
              7.447379,
              46.948011
            ]
          ]
        ]
      }
    },
    {
      "type": "Feature",
      "id": "b-001-1-107",
      "properties": {
        "roomId": "b-001-1-107",
        "floorId": "b-001-1",
        "buildingId": "b-001",
        "nr": "107",
        "type": "Büro",
        "area": 18,
        "workspaces": 2,
        "groundElevation": 540.3,
        "baseHeight": 7,
        "topHeight": 10.5
      },
      "geometry": {
        "type": "Polygon",
        "coordinates": [
          [
            [
              7.447431,
              46.948011
            ],
            [
              7.447474,
              46.948011
            ],
            [
              7.447474,
              46.948061
            ],
            [
              7.447431,
              46.948061
            ],
            [
              7.447431,
              46.948011
            ]
          ]
        ]
      }
    },
    {
      "type": "Feature",
      "id": "b-001-1-115",
      "properties": {
        "roomId": "b-001-1-115",
        "floorId": "b-001-1",
        "buildingId": "b-001",
        "nr": "115",
        "type": "Sitzungszimmer",
        "area": 40,
        "workspaces": 0,
        "groundElevation": 540.3,
        "baseHeight": 7,
        "topHeight": 10.5
      },
      "geometry": {
        "type": "Polygon",
        "coordinates": [
          [
            [
              7.447478,
              46.948011
            ],
            [
              7.447574,
              46.948011
            ],
            [
              7.447574,
              46.948061
            ],
            [
              7.447478,
              46.948061
            ],
            [
              7.447478,
              46.948011
            ]
          ]
        ]
      }
    },
    {
      "type": "Feature",
      "id": "b-001-1-117",
      "properties": {
        "roomId": "b-001-1-117",
        "floorId": "b-001-1",
        "buildingId": "b-001",
        "nr": "117",
        "type": "Sitzungszimmer",
        "area": 24,
        "workspaces": 0,
        "groundElevation": 540.3,
        "baseHeight": 7,
        "topHeight": 10.5
      },
      "geometry": {
        "type": "Polygon",
        "coordinates": [
          [
            [
              7.447578,
              46.948011
            ],
            [
              7.447635,
              46.948011
            ],
            [
              7.447635,
              46.948061
            ],
            [
              7.447578,
              46.948061
            ],
            [
              7.447578,
              46.948011
            ]
          ]
        ]
      }
    },
    {
      "type": "Feature",
      "id": "b-001-1-122",
      "properties": {
        "roomId": "b-001-1-122",
        "floorId": "b-001-1",
        "buildingId": "b-001",
        "nr": "122",
        "type": "WC",
        "area": 10,
        "workspaces": 0,
        "groundElevation": 540.3,
        "baseHeight": 7,
        "topHeight": 10.5
      },
      "geometry": {
        "type": "Polygon",
        "coordinates": [
          [
            [
              7.447639,
              46.948011
            ],
            [
              7.447663,
              46.948011
            ],
            [
              7.447663,
              46.948061
            ],
            [
              7.447639,
              46.948061
            ],
            [
              7.447639,
              46.948011
            ]
          ]
        ]
      }
    },
    {
      "type": "Feature",
      "id": "b-001-1-111",
      "properties": {
        "roomId": "b-001-1-111",
        "floorId": "b-001-1",
        "buildingId": "b-001",
        "nr": "111",
        "type": "Open Space",
        "area": 55,
        "workspaces": 8,
        "groundElevation": 540.3,
        "baseHeight": 7,
        "topHeight": 10.5
      },
      "geometry": {
        "type": "Polygon",
        "coordinates": [
          [
            [
              7.446942,
              46.947939
            ],
            [
              7.447073,
              46.947939
            ],
            [
              7.447073,
              46.947989
            ],
            [
              7.446942,
              46.947989
            ],
            [
              7.446942,
              46.947939
            ]
          ]
        ]
      }
    },
    {
      "type": "Feature",
      "id": "b-001-1-108",
      "properties": {
        "roomId": "b-001-1-108",
        "floorId": "b-001-1",
        "buildingId": "b-001",
        "nr": "108",
        "type": "Büro",
        "area": 32,
        "workspaces": 4,
        "groundElevation": 540.3,
        "baseHeight": 7,
        "topHeight": 10.5
      },
      "geometry": {
        "type": "Polygon",
        "coordinates": [
          [
            [
              7.447077,
              46.947939
            ],
            [
              7.447154,
              46.947939
            ],
            [
              7.447154,
              46.947989
            ],
            [
              7.447077,
              46.947989
            ],
            [
              7.447077,
              46.947939
            ]
          ]
        ]
      }
    },
    {
      "type": "Feature",
      "id": "b-001-1-101",
      "properties": {
        "roomId": "b-001-1-101",
        "floorId": "b-001-1",
        "buildingId": "b-001",
        "nr": "101",
        "type": "Büro",
        "area": 28,
        "workspaces": 4,
        "groundElevation": 540.3,
        "baseHeight": 7,
        "topHeight": 10.5
      },
      "geometry": {
        "type": "Polygon",
        "coordinates": [
          [
            [
              7.447158,
              46.947939
            ],
            [
              7.447225,
              46.947939
            ],
            [
              7.447225,
              46.947989
            ],
            [
              7.447158,
              46.947989
            ],
            [
              7.447158,
              46.947939
            ]
          ]
        ]
      }
    },
    {
      "type": "Feature",
      "id": "b-001-1-123",
      "properties": {
        "roomId": "b-001-1-123",
        "floorId": "b-001-1",
        "buildingId": "b-001",
        "nr": "123",
        "type": "Büro",
        "area": 25,
        "workspaces": 3,
        "groundElevation": 540.3,
        "baseHeight": 7,
        "topHeight": 10.5
      },
      "geometry": {
        "type": "Polygon",
        "coordinates": [
          [
            [
              7.447229,
              46.947939
            ],
            [
              7.447289,
              46.947939
            ],
            [
              7.447289,
              46.947989
            ],
            [
              7.447229,
              46.947989
            ],
            [
              7.447229,
              46.947939
            ]
          ]
        ]
      }
    },
    {
      "type": "Feature",
      "id": "b-001-1-109",
      "properties": {
        "roomId": "b-001-1-109",
        "floorId": "b-001-1",
        "buildingId": "b-001",
        "nr": "109",
        "type": "Büro",
        "area": 24,
        "workspaces": 3,
        "groundElevation": 540.3,
        "baseHeight": 7,
        "topHeight": 10.5
      },
      "geometry": {
        "type": "Polygon",
        "coordinates": [
          [
            [
              7.447293,
              46.947939
            ],
            [
              7.447351,
              46.947939
            ],
            [
              7.447351,
              46.947989
            ],
            [
              7.447293,
              46.947989
            ],
            [
              7.447293,
              46.947939
            ]
          ]
        ]
      }
    },
    {
      "type": "Feature",
      "id": "b-001-1-114",
      "properties": {
        "roomId": "b-001-1-114",
        "floorId": "b-001-1",
        "buildingId": "b-001",
        "nr": "114",
        "type": "Büro",
        "area": 22,
        "workspaces": 3,
        "groundElevation": 540.3,
        "baseHeight": 7,
        "topHeight": 10.5
      },
      "geometry": {
        "type": "Polygon",
        "coordinates": [
          [
            [
              7.447355,
              46.947939
            ],
            [
              7.447407,
              46.947939
            ],
            [
              7.447407,
              46.947989
            ],
            [
              7.447355,
              46.947989
            ],
            [
              7.447355,
              46.947939
            ]
          ]
        ]
      }
    },
    {
      "type": "Feature",
      "id": "b-001-1-112",
      "properties": {
        "roomId": "b-001-1-112",
        "floorId": "b-001-1",
        "buildingId": "b-001",
        "nr": "112",
        "type": "Büro",
        "area": 20,
        "workspaces": 2,
        "groundElevation": 540.3,
        "baseHeight": 7,
        "topHeight": 10.5
      },
      "geometry": {
        "type": "Polygon",
        "coordinates": [
          [
            [
              7.447411,
              46.947939
            ],
            [
              7.447459,
              46.947939
            ],
            [
              7.447459,
              46.947989
            ],
            [
              7.447411,
              46.947989
            ],
            [
              7.447411,
              46.947939
            ]
          ]
        ]
      }
    },
    {
      "type": "Feature",
      "id": "b-001-1-113",
      "properties": {
        "roomId": "b-001-1-113",
        "floorId": "b-001-1",
        "buildingId": "b-001",
        "nr": "113",
        "type": "Büro",
        "area": 16,
        "workspaces": 2,
        "groundElevation": 540.3,
        "baseHeight": 7,
        "topHeight": 10.5
      },
      "geometry": {
        "type": "Polygon",
        "coordinates": [
          [
            [
              7.447463,
              46.947939
            ],
            [
              7.447502,
              46.947939
            ],
            [
              7.447502,
              46.947989
            ],
            [
              7.447463,
              46.947989
            ],
            [
              7.447463,
              46.947939
            ]
          ]
        ]
      }
    },
    {
      "type": "Feature",
      "id": "b-001-1-116",
      "properties": {
        "roomId": "b-001-1-116",
        "floorId": "b-001-1",
        "buildingId": "b-001",
        "nr": "116",
        "type": "Sitzungszimmer",
        "area": 30,
        "workspaces": 0,
        "groundElevation": 540.3,
        "baseHeight": 7,
        "topHeight": 10.5
      },
      "geometry": {
        "type": "Polygon",
        "coordinates": [
          [
            [
              7.447506,
              46.947939
            ],
            [
              7.447578,
              46.947939
            ],
            [
              7.447578,
              46.947989
            ],
            [
              7.447506,
              46.947989
            ],
            [
              7.447506,
              46.947939
            ]
          ]
        ]
      }
    },
    {
      "type": "Feature",
      "id": "b-001-1-118",
      "properties": {
        "roomId": "b-001-1-118",
        "floorId": "b-001-1",
        "buildingId": "b-001",
        "nr": "118",
        "type": "Teeküche",
        "area": 15,
        "workspaces": 0,
        "groundElevation": 540.3,
        "baseHeight": 7,
        "topHeight": 10.5
      },
      "geometry": {
        "type": "Polygon",
        "coordinates": [
          [
            [
              7.447581,
              46.947939
            ],
            [
              7.447617,
              46.947939
            ],
            [
              7.447617,
              46.947989
            ],
            [
              7.447581,
              46.947989
            ],
            [
              7.447581,
              46.947939
            ]
          ]
        ]
      }
    },
    {
      "type": "Feature",
      "id": "b-001-1-121",
      "properties": {
        "roomId": "b-001-1-121",
        "floorId": "b-001-1",
        "buildingId": "b-001",
        "nr": "121",
        "type": "WC",
        "area": 12,
        "workspaces": 0,
        "groundElevation": 540.3,
        "baseHeight": 7,
        "topHeight": 10.5
      },
      "geometry": {
        "type": "Polygon",
        "coordinates": [
          [
            [
              7.447621,
              46.947939
            ],
            [
              7.44765,
              46.947939
            ],
            [
              7.44765,
              46.947989
            ],
            [
              7.447621,
              46.947989
            ],
            [
              7.447621,
              46.947939
            ]
          ]
        ]
      }
    },
    {
      "type": "Feature",
      "id": "b-001-1-124",
      "properties": {
        "roomId": "b-001-1-124",
        "floorId": "b-001-1",
        "buildingId": "b-001",
        "nr": "124",
        "type": "Lager",
        "area": 10,
        "workspaces": 0,
        "groundElevation": 540.3,
        "baseHeight": 7,
        "topHeight": 10.5
      },
      "geometry": {
        "type": "Polygon",
        "coordinates": [
          [
            [
              7.447654,
              46.947939
            ],
            [
              7.447678,
              46.947939
            ],
            [
              7.447678,
              46.947989
            ],
            [
              7.447654,
              46.947989
            ],
            [
              7.447654,
              46.947939
            ]
          ]
        ]
      }
    },
    {
      "type": "Feature",
      "id": "b-001-1-119",
      "properties": {
        "roomId": "b-001-1-119",
        "floorId": "b-001-1",
        "buildingId": "b-001",
        "nr": "119",
        "type": "Korridor",
        "area": 28,
        "workspaces": 0,
        "groundElevation": 540.3,
        "baseHeight": 7,
        "topHeight": 10.5
      },
      "geometry": {
        "type": "Polygon",
        "coordinates": [
          [
            [
              7.446942,
              46.947989
            ],
            [
              7.447089,
              46.947989
            ],
            [
              7.447089,
              46.948011
            ],
            [
              7.446942,
              46.948011
            ],
            [
              7.446942,
              46.947989
            ]
          ]
        ]
      }
    },
    {
      "type": "Feature",
      "id": "b-001-1-120",
      "properties": {
        "roomId": "b-001-1-120",
        "floorId": "b-001-1",
        "buildingId": "b-001",
        "nr": "120",
        "type": "Korridor",
        "area": 20,
        "workspaces": 0,
        "groundElevation": 540.3,
        "baseHeight": 7,
        "topHeight": 10.5
      },
      "geometry": {
        "type": "Polygon",
        "coordinates": [
          [
            [
              7.447093,
              46.947989
            ],
            [
              7.447199,
              46.947989
            ],
            [
              7.447199,
              46.948011
            ],
            [
              7.447093,
              46.948011
            ],
            [
              7.447093,
              46.947989
            ]
          ]
        ]
      }
    },
    {
      "type": "Feature",
      "id": "b-001-2-209",
      "properties": {
        "roomId": "b-001-2-209",
        "floorId": "b-001-2",
        "buildingId": "b-001",
        "nr": "209",
        "type": "Open Space",
        "area": 70,
        "workspaces": 10,
        "groundElevation": 540.3,
        "baseHeight": 10.5,
        "topHeight": 14
      },
      "geometry": {
        "type": "Polygon",
        "coordinates": [
          [
            [
              7.446942,
              46.948011
            ],
            [
              7.447109,
              46.948011
            ],
            [
              7.447109,
              46.948061
            ],
            [
              7.446942,
              46.948061
            ],
            [
              7.446942,
              46.948011
            ]
          ]
        ]
      }
    },
    {
      "type": "Feature",
      "id": "b-001-2-201",
      "properties": {
        "roomId": "b-001-2-201",
        "floorId": "b-001-2",
        "buildingId": "b-001",
        "nr": "201",
        "type": "Büro",
        "area": 30,
        "workspaces": 4,
        "groundElevation": 540.3,
        "baseHeight": 10.5,
        "topHeight": 14
      },
      "geometry": {
        "type": "Polygon",
        "coordinates": [
          [
            [
              7.447113,
              46.948011
            ],
            [
              7.447185,
              46.948011
            ],
            [
              7.447185,
              46.948061
            ],
            [
              7.447113,
              46.948061
            ],
            [
              7.447113,
              46.948011
            ]
          ]
        ]
      }
    },
    {
      "type": "Feature",
      "id": "b-001-2-206",
      "properties": {
        "roomId": "b-001-2-206",
        "floorId": "b-001-2",
        "buildingId": "b-001",
        "nr": "206",
        "type": "Büro",
        "area": 26,
        "workspaces": 3,
        "groundElevation": 540.3,
        "baseHeight": 10.5,
        "topHeight": 14
      },
      "geometry": {
        "type": "Polygon",
        "coordinates": [
          [
            [
              7.447189,
              46.948011
            ],
            [
              7.447252,
              46.948011
            ],
            [
              7.447252,
              46.948061
            ],
            [
              7.447189,
              46.948061
            ],
            [
              7.447189,
              46.948011
            ]
          ]
        ]
      }
    },
    {
      "type": "Feature",
      "id": "b-001-2-202",
      "properties": {
        "roomId": "b-001-2-202",
        "floorId": "b-001-2",
        "buildingId": "b-001",
        "nr": "202",
        "type": "Büro",
        "area": 24,
        "workspaces": 3,
        "groundElevation": 540.3,
        "baseHeight": 10.5,
        "topHeight": 14
      },
      "geometry": {
        "type": "Polygon",
        "coordinates": [
          [
            [
              7.447256,
              46.948011
            ],
            [
              7.447313,
              46.948011
            ],
            [
              7.447313,
              46.948061
            ],
            [
              7.447256,
              46.948061
            ],
            [
              7.447256,
              46.948011
            ]
          ]
        ]
      }
    },
    {
      "type": "Feature",
      "id": "b-001-2-211",
      "properties": {
        "roomId": "b-001-2-211",
        "floorId": "b-001-2",
        "buildingId": "b-001",
        "nr": "211",
        "type": "Büro",
        "area": 22,
        "workspaces": 3,
        "groundElevation": 540.3,
        "baseHeight": 10.5,
        "topHeight": 14
      },
      "geometry": {
        "type": "Polygon",
        "coordinates": [
          [
            [
              7.447317,
              46.948011
            ],
            [
              7.44737,
              46.948011
            ],
            [
              7.44737,
              46.948061
            ],
            [
              7.447317,
              46.948061
            ],
            [
              7.447317,
              46.948011
            ]
          ]
        ]
      }
    },
    {
      "type": "Feature",
      "id": "b-001-2-212",
      "properties": {
        "roomId": "b-001-2-212",
        "floorId": "b-001-2",
        "buildingId": "b-001",
        "nr": "212",
        "type": "Büro",
        "area": 20,
        "workspaces": 2,
        "groundElevation": 540.3,
        "baseHeight": 10.5,
        "topHeight": 14
      },
      "geometry": {
        "type": "Polygon",
        "coordinates": [
          [
            [
              7.447374,
              46.948011
            ],
            [
              7.447422,
              46.948011
            ],
            [
              7.447422,
              46.948061
            ],
            [
              7.447374,
              46.948061
            ],
            [
              7.447374,
              46.948011
            ]
          ]
        ]
      }
    },
    {
      "type": "Feature",
      "id": "b-001-2-223",
      "properties": {
        "roomId": "b-001-2-223",
        "floorId": "b-001-2",
        "buildingId": "b-001",
        "nr": "223",
        "type": "Büro",
        "area": 18,
        "workspaces": 3,
        "groundElevation": 540.3,
        "baseHeight": 10.5,
        "topHeight": 14
      },
      "geometry": {
        "type": "Polygon",
        "coordinates": [
          [
            [
              7.447426,
              46.948011
            ],
            [
              7.447469,
              46.948011
            ],
            [
              7.447469,
              46.948061
            ],
            [
              7.447426,
              46.948061
            ],
            [
              7.447426,
              46.948011
            ]
          ]
        ]
      }
    },
    {
      "type": "Feature",
      "id": "b-001-2-215",
      "properties": {
        "roomId": "b-001-2-215",
        "floorId": "b-001-2",
        "buildingId": "b-001",
        "nr": "215",
        "type": "Sitzungszimmer",
        "area": 38,
        "workspaces": 0,
        "groundElevation": 540.3,
        "baseHeight": 10.5,
        "topHeight": 14
      },
      "geometry": {
        "type": "Polygon",
        "coordinates": [
          [
            [
              7.447473,
              46.948011
            ],
            [
              7.447564,
              46.948011
            ],
            [
              7.447564,
              46.948061
            ],
            [
              7.447473,
              46.948061
            ],
            [
              7.447473,
              46.948011
            ]
          ]
        ]
      }
    },
    {
      "type": "Feature",
      "id": "b-001-2-218",
      "properties": {
        "roomId": "b-001-2-218",
        "floorId": "b-001-2",
        "buildingId": "b-001",
        "nr": "218",
        "type": "Teeküche",
        "area": 14,
        "workspaces": 0,
        "groundElevation": 540.3,
        "baseHeight": 10.5,
        "topHeight": 14
      },
      "geometry": {
        "type": "Polygon",
        "coordinates": [
          [
            [
              7.447568,
              46.948011
            ],
            [
              7.447602,
              46.948011
            ],
            [
              7.447602,
              46.948061
            ],
            [
              7.447568,
              46.948061
            ],
            [
              7.447568,
              46.948011
            ]
          ]
        ]
      }
    },
    {
      "type": "Feature",
      "id": "b-001-2-221",
      "properties": {
        "roomId": "b-001-2-221",
        "floorId": "b-001-2",
        "buildingId": "b-001",
        "nr": "221",
        "type": "WC",
        "area": 12,
        "workspaces": 0,
        "groundElevation": 540.3,
        "baseHeight": 10.5,
        "topHeight": 14
      },
      "geometry": {
        "type": "Polygon",
        "coordinates": [
          [
            [
              7.447605,
              46.948011
            ],
            [
              7.447634,
              46.948011
            ],
            [
              7.447634,
              46.948061
            ],
            [
              7.447605,
              46.948061
            ],
            [
              7.447605,
              46.948011
            ]
          ]
        ]
      }
    },
    {
      "type": "Feature",
      "id": "b-001-2-210",
      "properties": {
        "roomId": "b-001-2-210",
        "floorId": "b-001-2",
        "buildingId": "b-001",
        "nr": "210",
        "type": "Open Space",
        "area": 58,
        "workspaces": 8,
        "groundElevation": 540.3,
        "baseHeight": 10.5,
        "topHeight": 14
      },
      "geometry": {
        "type": "Polygon",
        "coordinates": [
          [
            [
              7.446942,
              46.947939
            ],
            [
              7.447081,
              46.947939
            ],
            [
              7.447081,
              46.947989
            ],
            [
              7.446942,
              46.947989
            ],
            [
              7.446942,
              46.947939
            ]
          ]
        ]
      }
    },
    {
      "type": "Feature",
      "id": "b-001-2-208",
      "properties": {
        "roomId": "b-001-2-208",
        "floorId": "b-001-2",
        "buildingId": "b-001",
        "nr": "208",
        "type": "Büro",
        "area": 32,
        "workspaces": 4,
        "groundElevation": 540.3,
        "baseHeight": 10.5,
        "topHeight": 14
      },
      "geometry": {
        "type": "Polygon",
        "coordinates": [
          [
            [
              7.447085,
              46.947939
            ],
            [
              7.447161,
              46.947939
            ],
            [
              7.447161,
              46.947989
            ],
            [
              7.447085,
              46.947989
            ],
            [
              7.447085,
              46.947939
            ]
          ]
        ]
      }
    },
    {
      "type": "Feature",
      "id": "b-001-2-203",
      "properties": {
        "roomId": "b-001-2-203",
        "floorId": "b-001-2",
        "buildingId": "b-001",
        "nr": "203",
        "type": "Büro",
        "area": 28,
        "workspaces": 4,
        "groundElevation": 540.3,
        "baseHeight": 10.5,
        "topHeight": 14
      },
      "geometry": {
        "type": "Polygon",
        "coordinates": [
          [
            [
              7.447165,
              46.947939
            ],
            [
              7.447232,
              46.947939
            ],
            [
              7.447232,
              46.947989
            ],
            [
              7.447165,
              46.947989
            ],
            [
              7.447165,
              46.947939
            ]
          ]
        ]
      }
    },
    {
      "type": "Feature",
      "id": "b-001-2-214",
      "properties": {
        "roomId": "b-001-2-214",
        "floorId": "b-001-2",
        "buildingId": "b-001",
        "nr": "214",
        "type": "Büro",
        "area": 25,
        "workspaces": 3,
        "groundElevation": 540.3,
        "baseHeight": 10.5,
        "topHeight": 14
      },
      "geometry": {
        "type": "Polygon",
        "coordinates": [
          [
            [
              7.447236,
              46.947939
            ],
            [
              7.447296,
              46.947939
            ],
            [
              7.447296,
              46.947989
            ],
            [
              7.447236,
              46.947989
            ],
            [
              7.447236,
              46.947939
            ]
          ]
        ]
      }
    },
    {
      "type": "Feature",
      "id": "b-001-2-204",
      "properties": {
        "roomId": "b-001-2-204",
        "floorId": "b-001-2",
        "buildingId": "b-001",
        "nr": "204",
        "type": "Büro",
        "area": 22,
        "workspaces": 3,
        "groundElevation": 540.3,
        "baseHeight": 10.5,
        "topHeight": 14
      },
      "geometry": {
        "type": "Polygon",
        "coordinates": [
          [
            [
              7.4473,
              46.947939
            ],
            [
              7.447353,
              46.947939
            ],
            [
              7.447353,
              46.947989
            ],
            [
              7.4473,
              46.947989
            ],
            [
              7.4473,
              46.947939
            ]
          ]
        ]
      }
    },
    {
      "type": "Feature",
      "id": "b-001-2-205",
      "properties": {
        "roomId": "b-001-2-205",
        "floorId": "b-001-2",
        "buildingId": "b-001",
        "nr": "205",
        "type": "Büro",
        "area": 20,
        "workspaces": 2,
        "groundElevation": 540.3,
        "baseHeight": 10.5,
        "topHeight": 14
      },
      "geometry": {
        "type": "Polygon",
        "coordinates": [
          [
            [
              7.447357,
              46.947939
            ],
            [
              7.447405,
              46.947939
            ],
            [
              7.447405,
              46.947989
            ],
            [
              7.447357,
              46.947989
            ],
            [
              7.447357,
              46.947939
            ]
          ]
        ]
      }
    },
    {
      "type": "Feature",
      "id": "b-001-2-207",
      "properties": {
        "roomId": "b-001-2-207",
        "floorId": "b-001-2",
        "buildingId": "b-001",
        "nr": "207",
        "type": "Büro",
        "area": 18,
        "workspaces": 2,
        "groundElevation": 540.3,
        "baseHeight": 10.5,
        "topHeight": 14
      },
      "geometry": {
        "type": "Polygon",
        "coordinates": [
          [
            [
              7.447409,
              46.947939
            ],
            [
              7.447452,
              46.947939
            ],
            [
              7.447452,
              46.947989
            ],
            [
              7.447409,
              46.947989
            ],
            [
              7.447409,
              46.947939
            ]
          ]
        ]
      }
    },
    {
      "type": "Feature",
      "id": "b-001-2-213",
      "properties": {
        "roomId": "b-001-2-213",
        "floorId": "b-001-2",
        "buildingId": "b-001",
        "nr": "213",
        "type": "Büro",
        "area": 16,
        "workspaces": 2,
        "groundElevation": 540.3,
        "baseHeight": 10.5,
        "topHeight": 14
      },
      "geometry": {
        "type": "Polygon",
        "coordinates": [
          [
            [
              7.447456,
              46.947939
            ],
            [
              7.447494,
              46.947939
            ],
            [
              7.447494,
              46.947989
            ],
            [
              7.447456,
              46.947989
            ],
            [
              7.447456,
              46.947939
            ]
          ]
        ]
      }
    },
    {
      "type": "Feature",
      "id": "b-001-2-216",
      "properties": {
        "roomId": "b-001-2-216",
        "floorId": "b-001-2",
        "buildingId": "b-001",
        "nr": "216",
        "type": "Sitzungszimmer",
        "area": 28,
        "workspaces": 0,
        "groundElevation": 540.3,
        "baseHeight": 10.5,
        "topHeight": 14
      },
      "geometry": {
        "type": "Polygon",
        "coordinates": [
          [
            [
              7.447498,
              46.947939
            ],
            [
              7.447566,
              46.947939
            ],
            [
              7.447566,
              46.947989
            ],
            [
              7.447498,
              46.947989
            ],
            [
              7.447498,
              46.947939
            ]
          ]
        ]
      }
    },
    {
      "type": "Feature",
      "id": "b-001-2-217",
      "properties": {
        "roomId": "b-001-2-217",
        "floorId": "b-001-2",
        "buildingId": "b-001",
        "nr": "217",
        "type": "Sitzungszimmer",
        "area": 22,
        "workspaces": 0,
        "groundElevation": 540.3,
        "baseHeight": 10.5,
        "topHeight": 14
      },
      "geometry": {
        "type": "Polygon",
        "coordinates": [
          [
            [
              7.447569,
              46.947939
            ],
            [
              7.447622,
              46.947939
            ],
            [
              7.447622,
              46.947989
            ],
            [
              7.447569,
              46.947989
            ],
            [
              7.447569,
              46.947939
            ]
          ]
        ]
      }
    },
    {
      "type": "Feature",
      "id": "b-001-2-222",
      "properties": {
        "roomId": "b-001-2-222",
        "floorId": "b-001-2",
        "buildingId": "b-001",
        "nr": "222",
        "type": "WC",
        "area": 10,
        "workspaces": 0,
        "groundElevation": 540.3,
        "baseHeight": 10.5,
        "topHeight": 14
      },
      "geometry": {
        "type": "Polygon",
        "coordinates": [
          [
            [
              7.447626,
              46.947939
            ],
            [
              7.44765,
              46.947939
            ],
            [
              7.44765,
              46.947989
            ],
            [
              7.447626,
              46.947989
            ],
            [
              7.447626,
              46.947939
            ]
          ]
        ]
      }
    },
    {
      "type": "Feature",
      "id": "b-001-2-219",
      "properties": {
        "roomId": "b-001-2-219",
        "floorId": "b-001-2",
        "buildingId": "b-001",
        "nr": "219",
        "type": "Korridor",
        "area": 26,
        "workspaces": 0,
        "groundElevation": 540.3,
        "baseHeight": 10.5,
        "topHeight": 14
      },
      "geometry": {
        "type": "Polygon",
        "coordinates": [
          [
            [
              7.446942,
              46.947989
            ],
            [
              7.447079,
              46.947989
            ],
            [
              7.447079,
              46.948011
            ],
            [
              7.446942,
              46.948011
            ],
            [
              7.446942,
              46.947989
            ]
          ]
        ]
      }
    },
    {
      "type": "Feature",
      "id": "b-001-2-220",
      "properties": {
        "roomId": "b-001-2-220",
        "floorId": "b-001-2",
        "buildingId": "b-001",
        "nr": "220",
        "type": "Korridor",
        "area": 18,
        "workspaces": 0,
        "groundElevation": 540.3,
        "baseHeight": 10.5,
        "topHeight": 14
      },
      "geometry": {
        "type": "Polygon",
        "coordinates": [
          [
            [
              7.447083,
              46.947989
            ],
            [
              7.447178,
              46.947989
            ],
            [
              7.447178,
              46.948011
            ],
            [
              7.447083,
              46.948011
            ],
            [
              7.447083,
              46.947989
            ]
          ]
        ]
      }
    },
    {
      "type": "Feature",
      "id": "b-001-3-308",
      "properties": {
        "roomId": "b-001-3-308",
        "floorId": "b-001-3",
        "buildingId": "b-001",
        "nr": "308",
        "type": "Open Space",
        "area": 60,
        "workspaces": 8,
        "groundElevation": 540.3,
        "baseHeight": 14,
        "topHeight": 17.5
      },
      "geometry": {
        "type": "Polygon",
        "coordinates": [
          [
            [
              7.446942,
              46.948011
            ],
            [
              7.447085,
              46.948011
            ],
            [
              7.447085,
              46.948061
            ],
            [
              7.446942,
              46.948061
            ],
            [
              7.446942,
              46.948011
            ]
          ]
        ]
      }
    },
    {
      "type": "Feature",
      "id": "b-001-3-302",
      "properties": {
        "roomId": "b-001-3-302",
        "floorId": "b-001-3",
        "buildingId": "b-001",
        "nr": "302",
        "type": "Büro",
        "area": 22,
        "workspaces": 3,
        "groundElevation": 540.3,
        "baseHeight": 14,
        "topHeight": 17.5
      },
      "geometry": {
        "type": "Polygon",
        "coordinates": [
          [
            [
              7.447089,
              46.948011
            ],
            [
              7.447142,
              46.948011
            ],
            [
              7.447142,
              46.948061
            ],
            [
              7.447089,
              46.948061
            ],
            [
              7.447089,
              46.948011
            ]
          ]
        ]
      }
    },
    {
      "type": "Feature",
      "id": "b-001-3-303",
      "properties": {
        "roomId": "b-001-3-303",
        "floorId": "b-001-3",
        "buildingId": "b-001",
        "nr": "303",
        "type": "Büro",
        "area": 20,
        "workspaces": 2,
        "groundElevation": 540.3,
        "baseHeight": 14,
        "topHeight": 17.5
      },
      "geometry": {
        "type": "Polygon",
        "coordinates": [
          [
            [
              7.447146,
              46.948011
            ],
            [
              7.447194,
              46.948011
            ],
            [
              7.447194,
              46.948061
            ],
            [
              7.447146,
              46.948061
            ],
            [
              7.447146,
              46.948011
            ]
          ]
        ]
      }
    },
    {
      "type": "Feature",
      "id": "b-001-3-305",
      "properties": {
        "roomId": "b-001-3-305",
        "floorId": "b-001-3",
        "buildingId": "b-001",
        "nr": "305",
        "type": "Büro",
        "area": 18,
        "workspaces": 2,
        "groundElevation": 540.3,
        "baseHeight": 14,
        "topHeight": 17.5
      },
      "geometry": {
        "type": "Polygon",
        "coordinates": [
          [
            [
              7.447198,
              46.948011
            ],
            [
              7.447241,
              46.948011
            ],
            [
              7.447241,
              46.948061
            ],
            [
              7.447198,
              46.948061
            ],
            [
              7.447198,
              46.948011
            ]
          ]
        ]
      }
    },
    {
      "type": "Feature",
      "id": "b-001-3-307",
      "properties": {
        "roomId": "b-001-3-307",
        "floorId": "b-001-3",
        "buildingId": "b-001",
        "nr": "307",
        "type": "Büro",
        "area": 16,
        "workspaces": 2,
        "groundElevation": 540.3,
        "baseHeight": 14,
        "topHeight": 17.5
      },
      "geometry": {
        "type": "Polygon",
        "coordinates": [
          [
            [
              7.447245,
              46.948011
            ],
            [
              7.447284,
              46.948011
            ],
            [
              7.447284,
              46.948061
            ],
            [
              7.447245,
              46.948061
            ],
            [
              7.447245,
              46.948011
            ]
          ]
        ]
      }
    },
    {
      "type": "Feature",
      "id": "b-001-3-312",
      "properties": {
        "roomId": "b-001-3-312",
        "floorId": "b-001-3",
        "buildingId": "b-001",
        "nr": "312",
        "type": "Sitzungszimmer",
        "area": 25,
        "workspaces": 0,
        "groundElevation": 540.3,
        "baseHeight": 14,
        "topHeight": 17.5
      },
      "geometry": {
        "type": "Polygon",
        "coordinates": [
          [
            [
              7.447287,
              46.948011
            ],
            [
              7.447347,
              46.948011
            ],
            [
              7.447347,
              46.948061
            ],
            [
              7.447287,
              46.948061
            ],
            [
              7.447287,
              46.948011
            ]
          ]
        ]
      }
    },
    {
      "type": "Feature",
      "id": "b-001-3-313",
      "properties": {
        "roomId": "b-001-3-313",
        "floorId": "b-001-3",
        "buildingId": "b-001",
        "nr": "313",
        "type": "Teeküche",
        "area": 12,
        "workspaces": 0,
        "groundElevation": 540.3,
        "baseHeight": 14,
        "topHeight": 17.5
      },
      "geometry": {
        "type": "Polygon",
        "coordinates": [
          [
            [
              7.447351,
              46.948011
            ],
            [
              7.44738,
              46.948011
            ],
            [
              7.44738,
              46.948061
            ],
            [
              7.447351,
              46.948061
            ],
            [
              7.447351,
              46.948011
            ]
          ]
        ]
      }
    },
    {
      "type": "Feature",
      "id": "b-001-3-317",
      "properties": {
        "roomId": "b-001-3-317",
        "floorId": "b-001-3",
        "buildingId": "b-001",
        "nr": "317",
        "type": "WC",
        "area": 9,
        "workspaces": 0,
        "groundElevation": 540.3,
        "baseHeight": 14,
        "topHeight": 17.5
      },
      "geometry": {
        "type": "Polygon",
        "coordinates": [
          [
            [
              7.447384,
              46.948011
            ],
            [
              7.447406,
              46.948011
            ],
            [
              7.447406,
              46.948061
            ],
            [
              7.447384,
              46.948061
            ],
            [
              7.447384,
              46.948011
            ]
          ]
        ]
      }
    },
    {
      "type": "Feature",
      "id": "b-001-3-301",
      "properties": {
        "roomId": "b-001-3-301",
        "floorId": "b-001-3",
        "buildingId": "b-001",
        "nr": "301",
        "type": "Büro",
        "area": 28,
        "workspaces": 4,
        "groundElevation": 540.3,
        "baseHeight": 14,
        "topHeight": 17.5
      },
      "geometry": {
        "type": "Polygon",
        "coordinates": [
          [
            [
              7.446942,
              46.947939
            ],
            [
              7.447009,
              46.947939
            ],
            [
              7.447009,
              46.947989
            ],
            [
              7.446942,
              46.947989
            ],
            [
              7.446942,
              46.947939
            ]
          ]
        ]
      }
    },
    {
      "type": "Feature",
      "id": "b-001-3-306",
      "properties": {
        "roomId": "b-001-3-306",
        "floorId": "b-001-3",
        "buildingId": "b-001",
        "nr": "306",
        "type": "Büro",
        "area": 26,
        "workspaces": 3,
        "groundElevation": 540.3,
        "baseHeight": 14,
        "topHeight": 17.5
      },
      "geometry": {
        "type": "Polygon",
        "coordinates": [
          [
            [
              7.447013,
              46.947939
            ],
            [
              7.447075,
              46.947939
            ],
            [
              7.447075,
              46.947989
            ],
            [
              7.447013,
              46.947989
            ],
            [
              7.447013,
              46.947939
            ]
          ]
        ]
      }
    },
    {
      "type": "Feature",
      "id": "b-001-3-304",
      "properties": {
        "roomId": "b-001-3-304",
        "floorId": "b-001-3",
        "buildingId": "b-001",
        "nr": "304",
        "type": "Büro",
        "area": 24,
        "workspaces": 3,
        "groundElevation": 540.3,
        "baseHeight": 14,
        "topHeight": 17.5
      },
      "geometry": {
        "type": "Polygon",
        "coordinates": [
          [
            [
              7.447079,
              46.947939
            ],
            [
              7.447137,
              46.947939
            ],
            [
              7.447137,
              46.947989
            ],
            [
              7.447079,
              46.947989
            ],
            [
              7.447079,
              46.947939
            ]
          ]
        ]
      }
    },
    {
      "type": "Feature",
      "id": "b-001-3-318",
      "properties": {
        "roomId": "b-001-3-318",
        "floorId": "b-001-3",
        "buildingId": "b-001",
        "nr": "318",
        "type": "Büro",
        "area": 22,
        "workspaces": 3,
        "groundElevation": 540.3,
        "baseHeight": 14,
        "topHeight": 17.5
      },
      "geometry": {
        "type": "Polygon",
        "coordinates": [
          [
            [
              7.447141,
              46.947939
            ],
            [
              7.447193,
              46.947939
            ],
            [
              7.447193,
              46.947989
            ],
            [
              7.447141,
              46.947989
            ],
            [
              7.447141,
              46.947939
            ]
          ]
        ]
      }
    },
    {
      "type": "Feature",
      "id": "b-001-3-309",
      "properties": {
        "roomId": "b-001-3-309",
        "floorId": "b-001-3",
        "buildingId": "b-001",
        "nr": "309",
        "type": "Büro",
        "area": 20,
        "workspaces": 2,
        "groundElevation": 540.3,
        "baseHeight": 14,
        "topHeight": 17.5
      },
      "geometry": {
        "type": "Polygon",
        "coordinates": [
          [
            [
              7.447197,
              46.947939
            ],
            [
              7.447245,
              46.947939
            ],
            [
              7.447245,
              46.947989
            ],
            [
              7.447197,
              46.947989
            ],
            [
              7.447197,
              46.947939
            ]
          ]
        ]
      }
    },
    {
      "type": "Feature",
      "id": "b-001-3-310",
      "properties": {
        "roomId": "b-001-3-310",
        "floorId": "b-001-3",
        "buildingId": "b-001",
        "nr": "310",
        "type": "Büro",
        "area": 15,
        "workspaces": 2,
        "groundElevation": 540.3,
        "baseHeight": 14,
        "topHeight": 17.5
      },
      "geometry": {
        "type": "Polygon",
        "coordinates": [
          [
            [
              7.447249,
              46.947939
            ],
            [
              7.447285,
              46.947939
            ],
            [
              7.447285,
              46.947989
            ],
            [
              7.447249,
              46.947989
            ],
            [
              7.447249,
              46.947939
            ]
          ]
        ]
      }
    },
    {
      "type": "Feature",
      "id": "b-001-3-311",
      "properties": {
        "roomId": "b-001-3-311",
        "floorId": "b-001-3",
        "buildingId": "b-001",
        "nr": "311",
        "type": "Sitzungszimmer",
        "area": 35,
        "workspaces": 0,
        "groundElevation": 540.3,
        "baseHeight": 14,
        "topHeight": 17.5
      },
      "geometry": {
        "type": "Polygon",
        "coordinates": [
          [
            [
              7.447289,
              46.947939
            ],
            [
              7.447373,
              46.947939
            ],
            [
              7.447373,
              46.947989
            ],
            [
              7.447289,
              46.947989
            ],
            [
              7.447289,
              46.947939
            ]
          ]
        ]
      }
    },
    {
      "type": "Feature",
      "id": "b-001-3-316",
      "properties": {
        "roomId": "b-001-3-316",
        "floorId": "b-001-3",
        "buildingId": "b-001",
        "nr": "316",
        "type": "WC",
        "area": 10,
        "workspaces": 0,
        "groundElevation": 540.3,
        "baseHeight": 14,
        "topHeight": 17.5
      },
      "geometry": {
        "type": "Polygon",
        "coordinates": [
          [
            [
              7.447377,
              46.947939
            ],
            [
              7.447401,
              46.947939
            ],
            [
              7.447401,
              46.947989
            ],
            [
              7.447377,
              46.947989
            ],
            [
              7.447377,
              46.947939
            ]
          ]
        ]
      }
    },
    {
      "type": "Feature",
      "id": "b-001-3-314",
      "properties": {
        "roomId": "b-001-3-314",
        "floorId": "b-001-3",
        "buildingId": "b-001",
        "nr": "314",
        "type": "Korridor",
        "area": 24,
        "workspaces": 0,
        "groundElevation": 540.3,
        "baseHeight": 14,
        "topHeight": 17.5
      },
      "geometry": {
        "type": "Polygon",
        "coordinates": [
          [
            [
              7.446942,
              46.947989
            ],
            [
              7.447068,
              46.947989
            ],
            [
              7.447068,
              46.948011
            ],
            [
              7.446942,
              46.948011
            ],
            [
              7.446942,
              46.947989
            ]
          ]
        ]
      }
    },
    {
      "type": "Feature",
      "id": "b-001-3-315",
      "properties": {
        "roomId": "b-001-3-315",
        "floorId": "b-001-3",
        "buildingId": "b-001",
        "nr": "315",
        "type": "Korridor",
        "area": 18,
        "workspaces": 0,
        "groundElevation": 540.3,
        "baseHeight": 14,
        "topHeight": 17.5
      },
      "geometry": {
        "type": "Polygon",
        "coordinates": [
          [
            [
              7.447072,
              46.947989
            ],
            [
              7.447167,
              46.947989
            ],
            [
              7.447167,
              46.948011
            ],
            [
              7.447072,
              46.948011
            ],
            [
              7.447072,
              46.947989
            ]
          ]
        ]
      }
    },
    {
      "type": "Feature",
      "id": "b-002-eg-EG07",
      "properties": {
        "roomId": "b-002-eg-EG07",
        "floorId": "b-002-eg",
        "buildingId": "b-002",
        "nr": "EG07",
        "type": "Open Space",
        "area": 55,
        "workspaces": 6,
        "groundElevation": 543,
        "baseHeight": 0,
        "topHeight": 3.5
      },
      "geometry": {
        "type": "Polygon",
        "coordinates": [
          [
            [
              7.443574,
              46.946811
            ],
            [
              7.443705,
              46.946811
            ],
            [
              7.443705,
              46.946861
            ],
            [
              7.443574,
              46.946861
            ],
            [
              7.443574,
              46.946811
            ]
          ]
        ]
      }
    },
    {
      "type": "Feature",
      "id": "b-002-eg-EG18",
      "properties": {
        "roomId": "b-002-eg-EG18",
        "floorId": "b-002-eg",
        "buildingId": "b-002",
        "nr": "EG18",
        "type": "Büro",
        "area": 26,
        "workspaces": 4,
        "groundElevation": 543,
        "baseHeight": 0,
        "topHeight": 3.5
      },
      "geometry": {
        "type": "Polygon",
        "coordinates": [
          [
            [
              7.443709,
              46.946811
            ],
            [
              7.443772,
              46.946811
            ],
            [
              7.443772,
              46.946861
            ],
            [
              7.443709,
              46.946861
            ],
            [
              7.443709,
              46.946811
            ]
          ]
        ]
      }
    },
    {
      "type": "Feature",
      "id": "b-002-eg-EG05",
      "properties": {
        "roomId": "b-002-eg-EG05",
        "floorId": "b-002-eg",
        "buildingId": "b-002",
        "nr": "EG05",
        "type": "Büro",
        "area": 22,
        "workspaces": 3,
        "groundElevation": 543,
        "baseHeight": 0,
        "topHeight": 3.5
      },
      "geometry": {
        "type": "Polygon",
        "coordinates": [
          [
            [
              7.443776,
              46.946811
            ],
            [
              7.443828,
              46.946811
            ],
            [
              7.443828,
              46.946861
            ],
            [
              7.443776,
              46.946861
            ],
            [
              7.443776,
              46.946811
            ]
          ]
        ]
      }
    },
    {
      "type": "Feature",
      "id": "b-002-eg-EG09",
      "properties": {
        "roomId": "b-002-eg-EG09",
        "floorId": "b-002-eg",
        "buildingId": "b-002",
        "nr": "EG09",
        "type": "Büro",
        "area": 20,
        "workspaces": 2,
        "groundElevation": 543,
        "baseHeight": 0,
        "topHeight": 3.5
      },
      "geometry": {
        "type": "Polygon",
        "coordinates": [
          [
            [
              7.443832,
              46.946811
            ],
            [
              7.44388,
              46.946811
            ],
            [
              7.44388,
              46.946861
            ],
            [
              7.443832,
              46.946861
            ],
            [
              7.443832,
              46.946811
            ]
          ]
        ]
      }
    },
    {
      "type": "Feature",
      "id": "b-002-eg-EG08",
      "properties": {
        "roomId": "b-002-eg-EG08",
        "floorId": "b-002-eg",
        "buildingId": "b-002",
        "nr": "EG08",
        "type": "Büro",
        "area": 16,
        "workspaces": 2,
        "groundElevation": 543,
        "baseHeight": 0,
        "topHeight": 3.5
      },
      "geometry": {
        "type": "Polygon",
        "coordinates": [
          [
            [
              7.443884,
              46.946811
            ],
            [
              7.443923,
              46.946811
            ],
            [
              7.443923,
              46.946861
            ],
            [
              7.443884,
              46.946861
            ],
            [
              7.443884,
              46.946811
            ]
          ]
        ]
      }
    },
    {
      "type": "Feature",
      "id": "b-002-eg-EG11",
      "properties": {
        "roomId": "b-002-eg-EG11",
        "floorId": "b-002-eg",
        "buildingId": "b-002",
        "nr": "EG11",
        "type": "Sitzungszimmer",
        "area": 25,
        "workspaces": 0,
        "groundElevation": 543,
        "baseHeight": 0,
        "topHeight": 3.5
      },
      "geometry": {
        "type": "Polygon",
        "coordinates": [
          [
            [
              7.443927,
              46.946811
            ],
            [
              7.443987,
              46.946811
            ],
            [
              7.443987,
              46.946861
            ],
            [
              7.443927,
              46.946861
            ],
            [
              7.443927,
              46.946811
            ]
          ]
        ]
      }
    },
    {
      "type": "Feature",
      "id": "b-002-eg-EG15",
      "properties": {
        "roomId": "b-002-eg-EG15",
        "floorId": "b-002-eg",
        "buildingId": "b-002",
        "nr": "EG15",
        "type": "WC",
        "area": 12,
        "workspaces": 0,
        "groundElevation": 543,
        "baseHeight": 0,
        "topHeight": 3.5
      },
      "geometry": {
        "type": "Polygon",
        "coordinates": [
          [
            [
              7.443991,
              46.946811
            ],
            [
              7.444019,
              46.946811
            ],
            [
              7.444019,
              46.946861
            ],
            [
              7.443991,
              46.946861
            ],
            [
              7.443991,
              46.946811
            ]
          ]
        ]
      }
    },
    {
      "type": "Feature",
      "id": "b-002-eg-EG16",
      "properties": {
        "roomId": "b-002-eg-EG16",
        "floorId": "b-002-eg",
        "buildingId": "b-002",
        "nr": "EG16",
        "type": "WC",
        "area": 10,
        "workspaces": 0,
        "groundElevation": 543,
        "baseHeight": 0,
        "topHeight": 3.5
      },
      "geometry": {
        "type": "Polygon",
        "coordinates": [
          [
            [
              7.444023,
              46.946811
            ],
            [
              7.444047,
              46.946811
            ],
            [
              7.444047,
              46.946861
            ],
            [
              7.444023,
              46.946861
            ],
            [
              7.444023,
              46.946811
            ]
          ]
        ]
      }
    },
    {
      "type": "Feature",
      "id": "b-002-eg-EG01",
      "properties": {
        "roomId": "b-002-eg-EG01",
        "floorId": "b-002-eg",
        "buildingId": "b-002",
        "nr": "EG01",
        "type": "Empfang",
        "area": 40,
        "workspaces": 2,
        "groundElevation": 543,
        "baseHeight": 0,
        "topHeight": 3.5
      },
      "geometry": {
        "type": "Polygon",
        "coordinates": [
          [
            [
              7.443574,
              46.946739
            ],
            [
              7.44367,
              46.946739
            ],
            [
              7.44367,
              46.946789
            ],
            [
              7.443574,
              46.946789
            ],
            [
              7.443574,
              46.946739
            ]
          ]
        ]
      }
    },
    {
      "type": "Feature",
      "id": "b-002-eg-EG04",
      "properties": {
        "roomId": "b-002-eg-EG04",
        "floorId": "b-002-eg",
        "buildingId": "b-002",
        "nr": "EG04",
        "type": "Büro",
        "area": 28,
        "workspaces": 4,
        "groundElevation": 543,
        "baseHeight": 0,
        "topHeight": 3.5
      },
      "geometry": {
        "type": "Polygon",
        "coordinates": [
          [
            [
              7.443673,
              46.946739
            ],
            [
              7.443741,
              46.946739
            ],
            [
              7.443741,
              46.946789
            ],
            [
              7.443673,
              46.946789
            ],
            [
              7.443673,
              46.946739
            ]
          ]
        ]
      }
    },
    {
      "type": "Feature",
      "id": "b-002-eg-EG02",
      "properties": {
        "roomId": "b-002-eg-EG02",
        "floorId": "b-002-eg",
        "buildingId": "b-002",
        "nr": "EG02",
        "type": "Büro",
        "area": 24,
        "workspaces": 3,
        "groundElevation": 543,
        "baseHeight": 0,
        "topHeight": 3.5
      },
      "geometry": {
        "type": "Polygon",
        "coordinates": [
          [
            [
              7.443745,
              46.946739
            ],
            [
              7.443802,
              46.946739
            ],
            [
              7.443802,
              46.946789
            ],
            [
              7.443745,
              46.946789
            ],
            [
              7.443745,
              46.946739
            ]
          ]
        ]
      }
    },
    {
      "type": "Feature",
      "id": "b-002-eg-EG03",
      "properties": {
        "roomId": "b-002-eg-EG03",
        "floorId": "b-002-eg",
        "buildingId": "b-002",
        "nr": "EG03",
        "type": "Büro",
        "area": 20,
        "workspaces": 2,
        "groundElevation": 543,
        "baseHeight": 0,
        "topHeight": 3.5
      },
      "geometry": {
        "type": "Polygon",
        "coordinates": [
          [
            [
              7.443806,
              46.946739
            ],
            [
              7.443854,
              46.946739
            ],
            [
              7.443854,
              46.946789
            ],
            [
              7.443806,
              46.946789
            ],
            [
              7.443806,
              46.946739
            ]
          ]
        ]
      }
    },
    {
      "type": "Feature",
      "id": "b-002-eg-EG06",
      "properties": {
        "roomId": "b-002-eg-EG06",
        "floorId": "b-002-eg",
        "buildingId": "b-002",
        "nr": "EG06",
        "type": "Büro",
        "area": 18,
        "workspaces": 2,
        "groundElevation": 543,
        "baseHeight": 0,
        "topHeight": 3.5
      },
      "geometry": {
        "type": "Polygon",
        "coordinates": [
          [
            [
              7.443858,
              46.946739
            ],
            [
              7.443901,
              46.946739
            ],
            [
              7.443901,
              46.946789
            ],
            [
              7.443858,
              46.946789
            ],
            [
              7.443858,
              46.946739
            ]
          ]
        ]
      }
    },
    {
      "type": "Feature",
      "id": "b-002-eg-EG10",
      "properties": {
        "roomId": "b-002-eg-EG10",
        "floorId": "b-002-eg",
        "buildingId": "b-002",
        "nr": "EG10",
        "type": "Sitzungszimmer",
        "area": 32,
        "workspaces": 0,
        "groundElevation": 543,
        "baseHeight": 0,
        "topHeight": 3.5
      },
      "geometry": {
        "type": "Polygon",
        "coordinates": [
          [
            [
              7.443905,
              46.946739
            ],
            [
              7.443982,
              46.946739
            ],
            [
              7.443982,
              46.946789
            ],
            [
              7.443905,
              46.946789
            ],
            [
              7.443905,
              46.946739
            ]
          ]
        ]
      }
    },
    {
      "type": "Feature",
      "id": "b-002-eg-EG12",
      "properties": {
        "roomId": "b-002-eg-EG12",
        "floorId": "b-002-eg",
        "buildingId": "b-002",
        "nr": "EG12",
        "type": "Teeküche",
        "area": 14,
        "workspaces": 0,
        "groundElevation": 543,
        "baseHeight": 0,
        "topHeight": 3.5
      },
      "geometry": {
        "type": "Polygon",
        "coordinates": [
          [
            [
              7.443986,
              46.946739
            ],
            [
              7.444019,
              46.946739
            ],
            [
              7.444019,
              46.946789
            ],
            [
              7.443986,
              46.946789
            ],
            [
              7.443986,
              46.946739
            ]
          ]
        ]
      }
    },
    {
      "type": "Feature",
      "id": "b-002-eg-EG17",
      "properties": {
        "roomId": "b-002-eg-EG17",
        "floorId": "b-002-eg",
        "buildingId": "b-002",
        "nr": "EG17",
        "type": "Lager",
        "area": 14,
        "workspaces": 0,
        "groundElevation": 543,
        "baseHeight": 0,
        "topHeight": 3.5
      },
      "geometry": {
        "type": "Polygon",
        "coordinates": [
          [
            [
              7.444023,
              46.946739
            ],
            [
              7.444057,
              46.946739
            ],
            [
              7.444057,
              46.946789
            ],
            [
              7.444023,
              46.946789
            ],
            [
              7.444023,
              46.946739
            ]
          ]
        ]
      }
    },
    {
      "type": "Feature",
      "id": "b-002-eg-EG13",
      "properties": {
        "roomId": "b-002-eg-EG13",
        "floorId": "b-002-eg",
        "buildingId": "b-002",
        "nr": "EG13",
        "type": "Korridor",
        "area": 25,
        "workspaces": 0,
        "groundElevation": 543,
        "baseHeight": 0,
        "topHeight": 3.5
      },
      "geometry": {
        "type": "Polygon",
        "coordinates": [
          [
            [
              7.443574,
              46.946789
            ],
            [
              7.443705,
              46.946789
            ],
            [
              7.443705,
              46.946811
            ],
            [
              7.443574,
              46.946811
            ],
            [
              7.443574,
              46.946789
            ]
          ]
        ]
      }
    },
    {
      "type": "Feature",
      "id": "b-002-eg-EG14",
      "properties": {
        "roomId": "b-002-eg-EG14",
        "floorId": "b-002-eg",
        "buildingId": "b-002",
        "nr": "EG14",
        "type": "Korridor",
        "area": 20,
        "workspaces": 0,
        "groundElevation": 543,
        "baseHeight": 0,
        "topHeight": 3.5
      },
      "geometry": {
        "type": "Polygon",
        "coordinates": [
          [
            [
              7.443709,
              46.946789
            ],
            [
              7.443815,
              46.946789
            ],
            [
              7.443815,
              46.946811
            ],
            [
              7.443709,
              46.946811
            ],
            [
              7.443709,
              46.946789
            ]
          ]
        ]
      }
    },
    {
      "type": "Feature",
      "id": "b-002-1-108",
      "properties": {
        "roomId": "b-002-1-108",
        "floorId": "b-002-1",
        "buildingId": "b-002",
        "nr": "108",
        "type": "Open Space",
        "area": 65,
        "workspaces": 8,
        "groundElevation": 543,
        "baseHeight": 3.5,
        "topHeight": 7
      },
      "geometry": {
        "type": "Polygon",
        "coordinates": [
          [
            [
              7.443574,
              46.946811
            ],
            [
              7.443729,
              46.946811
            ],
            [
              7.443729,
              46.946861
            ],
            [
              7.443574,
              46.946861
            ],
            [
              7.443574,
              46.946811
            ]
          ]
        ]
      }
    },
    {
      "type": "Feature",
      "id": "b-002-1-107",
      "properties": {
        "roomId": "b-002-1-107",
        "floorId": "b-002-1",
        "buildingId": "b-002",
        "nr": "107",
        "type": "Büro",
        "area": 26,
        "workspaces": 3,
        "groundElevation": 543,
        "baseHeight": 3.5,
        "topHeight": 7
      },
      "geometry": {
        "type": "Polygon",
        "coordinates": [
          [
            [
              7.443733,
              46.946811
            ],
            [
              7.443796,
              46.946811
            ],
            [
              7.443796,
              46.946861
            ],
            [
              7.443733,
              46.946861
            ],
            [
              7.443733,
              46.946811
            ]
          ]
        ]
      }
    },
    {
      "type": "Feature",
      "id": "b-002-1-102",
      "properties": {
        "roomId": "b-002-1-102",
        "floorId": "b-002-1",
        "buildingId": "b-002",
        "nr": "102",
        "type": "Büro",
        "area": 24,
        "workspaces": 3,
        "groundElevation": 543,
        "baseHeight": 3.5,
        "topHeight": 7
      },
      "geometry": {
        "type": "Polygon",
        "coordinates": [
          [
            [
              7.4438,
              46.946811
            ],
            [
              7.443857,
              46.946811
            ],
            [
              7.443857,
              46.946861
            ],
            [
              7.4438,
              46.946861
            ],
            [
              7.4438,
              46.946811
            ]
          ]
        ]
      }
    },
    {
      "type": "Feature",
      "id": "b-002-1-109",
      "properties": {
        "roomId": "b-002-1-109",
        "floorId": "b-002-1",
        "buildingId": "b-002",
        "nr": "109",
        "type": "Büro",
        "area": 22,
        "workspaces": 3,
        "groundElevation": 543,
        "baseHeight": 3.5,
        "topHeight": 7
      },
      "geometry": {
        "type": "Polygon",
        "coordinates": [
          [
            [
              7.443861,
              46.946811
            ],
            [
              7.443914,
              46.946811
            ],
            [
              7.443914,
              46.946861
            ],
            [
              7.443861,
              46.946861
            ],
            [
              7.443861,
              46.946811
            ]
          ]
        ]
      }
    },
    {
      "type": "Feature",
      "id": "b-002-1-111",
      "properties": {
        "roomId": "b-002-1-111",
        "floorId": "b-002-1",
        "buildingId": "b-002",
        "nr": "111",
        "type": "Büro",
        "area": 20,
        "workspaces": 2,
        "groundElevation": 543,
        "baseHeight": 3.5,
        "topHeight": 7
      },
      "geometry": {
        "type": "Polygon",
        "coordinates": [
          [
            [
              7.443918,
              46.946811
            ],
            [
              7.443966,
              46.946811
            ],
            [
              7.443966,
              46.946861
            ],
            [
              7.443918,
              46.946861
            ],
            [
              7.443918,
              46.946811
            ]
          ]
        ]
      }
    },
    {
      "type": "Feature",
      "id": "b-002-1-110",
      "properties": {
        "roomId": "b-002-1-110",
        "floorId": "b-002-1",
        "buildingId": "b-002",
        "nr": "110",
        "type": "Büro",
        "area": 16,
        "workspaces": 2,
        "groundElevation": 543,
        "baseHeight": 3.5,
        "topHeight": 7
      },
      "geometry": {
        "type": "Polygon",
        "coordinates": [
          [
            [
              7.44397,
              46.946811
            ],
            [
              7.444008,
              46.946811
            ],
            [
              7.444008,
              46.946861
            ],
            [
              7.44397,
              46.946861
            ],
            [
              7.44397,
              46.946811
            ]
          ]
        ]
      }
    },
    {
      "type": "Feature",
      "id": "b-002-1-113",
      "properties": {
        "roomId": "b-002-1-113",
        "floorId": "b-002-1",
        "buildingId": "b-002",
        "nr": "113",
        "type": "Sitzungszimmer",
        "area": 38,
        "workspaces": 0,
        "groundElevation": 543,
        "baseHeight": 3.5,
        "topHeight": 7
      },
      "geometry": {
        "type": "Polygon",
        "coordinates": [
          [
            [
              7.444012,
              46.946811
            ],
            [
              7.444103,
              46.946811
            ],
            [
              7.444103,
              46.946861
            ],
            [
              7.444012,
              46.946861
            ],
            [
              7.444012,
              46.946811
            ]
          ]
        ]
      }
    },
    {
      "type": "Feature",
      "id": "b-002-1-116",
      "properties": {
        "roomId": "b-002-1-116",
        "floorId": "b-002-1",
        "buildingId": "b-002",
        "nr": "116",
        "type": "Teeküche",
        "area": 15,
        "workspaces": 0,
        "groundElevation": 543,
        "baseHeight": 3.5,
        "topHeight": 7
      },
      "geometry": {
        "type": "Polygon",
        "coordinates": [
          [
            [
              7.444107,
              46.946811
            ],
            [
              7.444143,
              46.946811
            ],
            [
              7.444143,
              46.946861
            ],
            [
              7.444107,
              46.946861
            ],
            [
              7.444107,
              46.946811
            ]
          ]
        ]
      }
    },
    {
      "type": "Feature",
      "id": "b-002-1-104",
      "properties": {
        "roomId": "b-002-1-104",
        "floorId": "b-002-1",
        "buildingId": "b-002",
        "nr": "104",
        "type": "Büro",
        "area": 30,
        "workspaces": 4,
        "groundElevation": 543,
        "baseHeight": 3.5,
        "topHeight": 7
      },
      "geometry": {
        "type": "Polygon",
        "coordinates": [
          [
            [
              7.443574,
              46.946739
            ],
            [
              7.443646,
              46.946739
            ],
            [
              7.443646,
              46.946789
            ],
            [
              7.443574,
              46.946789
            ],
            [
              7.443574,
              46.946739
            ]
          ]
        ]
      }
    },
    {
      "type": "Feature",
      "id": "b-002-1-120",
      "properties": {
        "roomId": "b-002-1-120",
        "floorId": "b-002-1",
        "buildingId": "b-002",
        "nr": "120",
        "type": "Büro",
        "area": 30,
        "workspaces": 5,
        "groundElevation": 543,
        "baseHeight": 3.5,
        "topHeight": 7
      },
      "geometry": {
        "type": "Polygon",
        "coordinates": [
          [
            [
              7.443649,
              46.946739
            ],
            [
              7.443721,
              46.946739
            ],
            [
              7.443721,
              46.946789
            ],
            [
              7.443649,
              46.946789
            ],
            [
              7.443649,
              46.946739
            ]
          ]
        ]
      }
    },
    {
      "type": "Feature",
      "id": "b-002-1-101",
      "properties": {
        "roomId": "b-002-1-101",
        "floorId": "b-002-1",
        "buildingId": "b-002",
        "nr": "101",
        "type": "Büro",
        "area": 28,
        "workspaces": 4,
        "groundElevation": 543,
        "baseHeight": 3.5,
        "topHeight": 7
      },
      "geometry": {
        "type": "Polygon",
        "coordinates": [
          [
            [
              7.443725,
              46.946739
            ],
            [
              7.443793,
              46.946739
            ],
            [
              7.443793,
              46.946789
            ],
            [
              7.443725,
              46.946789
            ],
            [
              7.443725,
              46.946739
            ]
          ]
        ]
      }
    },
    {
      "type": "Feature",
      "id": "b-002-1-112",
      "properties": {
        "roomId": "b-002-1-112",
        "floorId": "b-002-1",
        "buildingId": "b-002",
        "nr": "112",
        "type": "Büro",
        "area": 25,
        "workspaces": 3,
        "groundElevation": 543,
        "baseHeight": 3.5,
        "topHeight": 7
      },
      "geometry": {
        "type": "Polygon",
        "coordinates": [
          [
            [
              7.443796,
              46.946739
            ],
            [
              7.443856,
              46.946739
            ],
            [
              7.443856,
              46.946789
            ],
            [
              7.443796,
              46.946789
            ],
            [
              7.443796,
              46.946739
            ]
          ]
        ]
      }
    },
    {
      "type": "Feature",
      "id": "b-002-1-105",
      "properties": {
        "roomId": "b-002-1-105",
        "floorId": "b-002-1",
        "buildingId": "b-002",
        "nr": "105",
        "type": "Büro",
        "area": 22,
        "workspaces": 3,
        "groundElevation": 543,
        "baseHeight": 3.5,
        "topHeight": 7
      },
      "geometry": {
        "type": "Polygon",
        "coordinates": [
          [
            [
              7.44386,
              46.946739
            ],
            [
              7.443913,
              46.946739
            ],
            [
              7.443913,
              46.946789
            ],
            [
              7.44386,
              46.946789
            ],
            [
              7.44386,
              46.946739
            ]
          ]
        ]
      }
    },
    {
      "type": "Feature",
      "id": "b-002-1-103",
      "properties": {
        "roomId": "b-002-1-103",
        "floorId": "b-002-1",
        "buildingId": "b-002",
        "nr": "103",
        "type": "Büro",
        "area": 20,
        "workspaces": 2,
        "groundElevation": 543,
        "baseHeight": 3.5,
        "topHeight": 7
      },
      "geometry": {
        "type": "Polygon",
        "coordinates": [
          [
            [
              7.443917,
              46.946739
            ],
            [
              7.443965,
              46.946739
            ],
            [
              7.443965,
              46.946789
            ],
            [
              7.443917,
              46.946789
            ],
            [
              7.443917,
              46.946739
            ]
          ]
        ]
      }
    },
    {
      "type": "Feature",
      "id": "b-002-1-106",
      "properties": {
        "roomId": "b-002-1-106",
        "floorId": "b-002-1",
        "buildingId": "b-002",
        "nr": "106",
        "type": "Büro",
        "area": 18,
        "workspaces": 2,
        "groundElevation": 543,
        "baseHeight": 3.5,
        "topHeight": 7
      },
      "geometry": {
        "type": "Polygon",
        "coordinates": [
          [
            [
              7.443969,
              46.946739
            ],
            [
              7.444012,
              46.946739
            ],
            [
              7.444012,
              46.946789
            ],
            [
              7.443969,
              46.946789
            ],
            [
              7.443969,
              46.946739
            ]
          ]
        ]
      }
    },
    {
      "type": "Feature",
      "id": "b-002-1-114",
      "properties": {
        "roomId": "b-002-1-114",
        "floorId": "b-002-1",
        "buildingId": "b-002",
        "nr": "114",
        "type": "Sitzungszimmer",
        "area": 28,
        "workspaces": 0,
        "groundElevation": 543,
        "baseHeight": 3.5,
        "topHeight": 7
      },
      "geometry": {
        "type": "Polygon",
        "coordinates": [
          [
            [
              7.444016,
              46.946739
            ],
            [
              7.444083,
              46.946739
            ],
            [
              7.444083,
              46.946789
            ],
            [
              7.444016,
              46.946789
            ],
            [
              7.444016,
              46.946739
            ]
          ]
        ]
      }
    },
    {
      "type": "Feature",
      "id": "b-002-1-115",
      "properties": {
        "roomId": "b-002-1-115",
        "floorId": "b-002-1",
        "buildingId": "b-002",
        "nr": "115",
        "type": "Sitzungszimmer",
        "area": 22,
        "workspaces": 0,
        "groundElevation": 543,
        "baseHeight": 3.5,
        "topHeight": 7
      },
      "geometry": {
        "type": "Polygon",
        "coordinates": [
          [
            [
              7.444087,
              46.946739
            ],
            [
              7.44414,
              46.946739
            ],
            [
              7.44414,
              46.946789
            ],
            [
              7.444087,
              46.946789
            ],
            [
              7.444087,
              46.946739
            ]
          ]
        ]
      }
    },
    {
      "type": "Feature",
      "id": "b-002-1-119",
      "properties": {
        "roomId": "b-002-1-119",
        "floorId": "b-002-1",
        "buildingId": "b-002",
        "nr": "119",
        "type": "WC",
        "area": 12,
        "workspaces": 0,
        "groundElevation": 543,
        "baseHeight": 3.5,
        "topHeight": 7
      },
      "geometry": {
        "type": "Polygon",
        "coordinates": [
          [
            [
              7.444144,
              46.946739
            ],
            [
              7.444173,
              46.946739
            ],
            [
              7.444173,
              46.946789
            ],
            [
              7.444144,
              46.946789
            ],
            [
              7.444144,
              46.946739
            ]
          ]
        ]
      }
    },
    {
      "type": "Feature",
      "id": "b-002-1-117",
      "properties": {
        "roomId": "b-002-1-117",
        "floorId": "b-002-1",
        "buildingId": "b-002",
        "nr": "117",
        "type": "Korridor",
        "area": 24,
        "workspaces": 0,
        "groundElevation": 543,
        "baseHeight": 3.5,
        "topHeight": 7
      },
      "geometry": {
        "type": "Polygon",
        "coordinates": [
          [
            [
              7.443574,
              46.946789
            ],
            [
              7.4437,
              46.946789
            ],
            [
              7.4437,
              46.946811
            ],
            [
              7.443574,
              46.946811
            ],
            [
              7.443574,
              46.946789
            ]
          ]
        ]
      }
    },
    {
      "type": "Feature",
      "id": "b-002-1-118",
      "properties": {
        "roomId": "b-002-1-118",
        "floorId": "b-002-1",
        "buildingId": "b-002",
        "nr": "118",
        "type": "Korridor",
        "area": 18,
        "workspaces": 0,
        "groundElevation": 543,
        "baseHeight": 3.5,
        "topHeight": 7
      },
      "geometry": {
        "type": "Polygon",
        "coordinates": [
          [
            [
              7.443704,
              46.946789
            ],
            [
              7.443799,
              46.946789
            ],
            [
              7.443799,
              46.946811
            ],
            [
              7.443704,
              46.946811
            ],
            [
              7.443704,
              46.946789
            ]
          ]
        ]
      }
    },
    {
      "type": "Feature",
      "id": "b-002-2-208",
      "properties": {
        "roomId": "b-002-2-208",
        "floorId": "b-002-2",
        "buildingId": "b-002",
        "nr": "208",
        "type": "Open Space",
        "area": 60,
        "workspaces": 8,
        "groundElevation": 543,
        "baseHeight": 7,
        "topHeight": 10.5
      },
      "geometry": {
        "type": "Polygon",
        "coordinates": [
          [
            [
              7.443574,
              46.946811
            ],
            [
              7.443717,
              46.946811
            ],
            [
              7.443717,
              46.946861
            ],
            [
              7.443574,
              46.946861
            ],
            [
              7.443574,
              46.946811
            ]
          ]
        ]
      }
    },
    {
      "type": "Feature",
      "id": "b-002-2-219",
      "properties": {
        "roomId": "b-002-2-219",
        "floorId": "b-002-2",
        "buildingId": "b-002",
        "nr": "219",
        "type": "Büro",
        "area": 25,
        "workspaces": 4,
        "groundElevation": 543,
        "baseHeight": 7,
        "topHeight": 10.5
      },
      "geometry": {
        "type": "Polygon",
        "coordinates": [
          [
            [
              7.443721,
              46.946811
            ],
            [
              7.443781,
              46.946811
            ],
            [
              7.443781,
              46.946861
            ],
            [
              7.443721,
              46.946861
            ],
            [
              7.443721,
              46.946811
            ]
          ]
        ]
      }
    },
    {
      "type": "Feature",
      "id": "b-002-2-202",
      "properties": {
        "roomId": "b-002-2-202",
        "floorId": "b-002-2",
        "buildingId": "b-002",
        "nr": "202",
        "type": "Büro",
        "area": 22,
        "workspaces": 3,
        "groundElevation": 543,
        "baseHeight": 7,
        "topHeight": 10.5
      },
      "geometry": {
        "type": "Polygon",
        "coordinates": [
          [
            [
              7.443785,
              46.946811
            ],
            [
              7.443838,
              46.946811
            ],
            [
              7.443838,
              46.946861
            ],
            [
              7.443785,
              46.946861
            ],
            [
              7.443785,
              46.946811
            ]
          ]
        ]
      }
    },
    {
      "type": "Feature",
      "id": "b-002-2-211",
      "properties": {
        "roomId": "b-002-2-211",
        "floorId": "b-002-2",
        "buildingId": "b-002",
        "nr": "211",
        "type": "Büro",
        "area": 22,
        "workspaces": 3,
        "groundElevation": 543,
        "baseHeight": 7,
        "topHeight": 10.5
      },
      "geometry": {
        "type": "Polygon",
        "coordinates": [
          [
            [
              7.443842,
              46.946811
            ],
            [
              7.443895,
              46.946811
            ],
            [
              7.443895,
              46.946861
            ],
            [
              7.443842,
              46.946861
            ],
            [
              7.443842,
              46.946811
            ]
          ]
        ]
      }
    },
    {
      "type": "Feature",
      "id": "b-002-2-205",
      "properties": {
        "roomId": "b-002-2-205",
        "floorId": "b-002-2",
        "buildingId": "b-002",
        "nr": "205",
        "type": "Büro",
        "area": 18,
        "workspaces": 2,
        "groundElevation": 543,
        "baseHeight": 7,
        "topHeight": 10.5
      },
      "geometry": {
        "type": "Polygon",
        "coordinates": [
          [
            [
              7.443899,
              46.946811
            ],
            [
              7.443942,
              46.946811
            ],
            [
              7.443942,
              46.946861
            ],
            [
              7.443899,
              46.946861
            ],
            [
              7.443899,
              46.946811
            ]
          ]
        ]
      }
    },
    {
      "type": "Feature",
      "id": "b-002-2-210",
      "properties": {
        "roomId": "b-002-2-210",
        "floorId": "b-002-2",
        "buildingId": "b-002",
        "nr": "210",
        "type": "Büro",
        "area": 16,
        "workspaces": 2,
        "groundElevation": 543,
        "baseHeight": 7,
        "topHeight": 10.5
      },
      "geometry": {
        "type": "Polygon",
        "coordinates": [
          [
            [
              7.443946,
              46.946811
            ],
            [
              7.443984,
              46.946811
            ],
            [
              7.443984,
              46.946861
            ],
            [
              7.443946,
              46.946861
            ],
            [
              7.443946,
              46.946811
            ]
          ]
        ]
      }
    },
    {
      "type": "Feature",
      "id": "b-002-2-213",
      "properties": {
        "roomId": "b-002-2-213",
        "floorId": "b-002-2",
        "buildingId": "b-002",
        "nr": "213",
        "type": "Sitzungszimmer",
        "area": 28,
        "workspaces": 0,
        "groundElevation": 543,
        "baseHeight": 7,
        "topHeight": 10.5
      },
      "geometry": {
        "type": "Polygon",
        "coordinates": [
          [
            [
              7.443988,
              46.946811
            ],
            [
              7.444055,
              46.946811
            ],
            [
              7.444055,
              46.946861
            ],
            [
              7.443988,
              46.946861
            ],
            [
              7.443988,
              46.946811
            ]
          ]
        ]
      }
    },
    {
      "type": "Feature",
      "id": "b-002-2-215",
      "properties": {
        "roomId": "b-002-2-215",
        "floorId": "b-002-2",
        "buildingId": "b-002",
        "nr": "215",
        "type": "Teeküche",
        "area": 14,
        "workspaces": 0,
        "groundElevation": 543,
        "baseHeight": 7,
        "topHeight": 10.5
      },
      "geometry": {
        "type": "Polygon",
        "coordinates": [
          [
            [
              7.444059,
              46.946811
            ],
            [
              7.444093,
              46.946811
            ],
            [
              7.444093,
              46.946861
            ],
            [
              7.444059,
              46.946861
            ],
            [
              7.444059,
              46.946811
            ]
          ]
        ]
      }
    },
    {
      "type": "Feature",
      "id": "b-002-2-218",
      "properties": {
        "roomId": "b-002-2-218",
        "floorId": "b-002-2",
        "buildingId": "b-002",
        "nr": "218",
        "type": "WC",
        "area": 12,
        "workspaces": 0,
        "groundElevation": 543,
        "baseHeight": 7,
        "topHeight": 10.5
      },
      "geometry": {
        "type": "Polygon",
        "coordinates": [
          [
            [
              7.444097,
              46.946811
            ],
            [
              7.444126,
              46.946811
            ],
            [
              7.444126,
              46.946861
            ],
            [
              7.444097,
              46.946861
            ],
            [
              7.444097,
              46.946811
            ]
          ]
        ]
      }
    },
    {
      "type": "Feature",
      "id": "b-002-2-206",
      "properties": {
        "roomId": "b-002-2-206",
        "floorId": "b-002-2",
        "buildingId": "b-002",
        "nr": "206",
        "type": "Büro",
        "area": 30,
        "workspaces": 4,
        "groundElevation": 543,
        "baseHeight": 7,
        "topHeight": 10.5
      },
      "geometry": {
        "type": "Polygon",
        "coordinates": [
          [
            [
              7.443574,
              46.946739
            ],
            [
              7.443646,
              46.946739
            ],
            [
              7.443646,
              46.946789
            ],
            [
              7.443574,
              46.946789
            ],
            [
              7.443574,
              46.946739
            ]
          ]
        ]
      }
    },
    {
      "type": "Feature",
      "id": "b-002-2-201",
      "properties": {
        "roomId": "b-002-2-201",
        "floorId": "b-002-2",
        "buildingId": "b-002",
        "nr": "201",
        "type": "Büro",
        "area": 28,
        "workspaces": 4,
        "groundElevation": 543,
        "baseHeight": 7,
        "topHeight": 10.5
      },
      "geometry": {
        "type": "Polygon",
        "coordinates": [
          [
            [
              7.443649,
              46.946739
            ],
            [
              7.443717,
              46.946739
            ],
            [
              7.443717,
              46.946789
            ],
            [
              7.443649,
              46.946789
            ],
            [
              7.443649,
              46.946739
            ]
          ]
        ]
      }
    },
    {
      "type": "Feature",
      "id": "b-002-2-204",
      "properties": {
        "roomId": "b-002-2-204",
        "floorId": "b-002-2",
        "buildingId": "b-002",
        "nr": "204",
        "type": "Büro",
        "area": 26,
        "workspaces": 3,
        "groundElevation": 543,
        "baseHeight": 7,
        "topHeight": 10.5
      },
      "geometry": {
        "type": "Polygon",
        "coordinates": [
          [
            [
              7.443721,
              46.946739
            ],
            [
              7.443783,
              46.946739
            ],
            [
              7.443783,
              46.946789
            ],
            [
              7.443721,
              46.946789
            ],
            [
              7.443721,
              46.946739
            ]
          ]
        ]
      }
    },
    {
      "type": "Feature",
      "id": "b-002-2-207",
      "properties": {
        "roomId": "b-002-2-207",
        "floorId": "b-002-2",
        "buildingId": "b-002",
        "nr": "207",
        "type": "Büro",
        "area": 24,
        "workspaces": 3,
        "groundElevation": 543,
        "baseHeight": 7,
        "topHeight": 10.5
      },
      "geometry": {
        "type": "Polygon",
        "coordinates": [
          [
            [
              7.443787,
              46.946739
            ],
            [
              7.443844,
              46.946739
            ],
            [
              7.443844,
              46.946789
            ],
            [
              7.443787,
              46.946789
            ],
            [
              7.443787,
              46.946739
            ]
          ]
        ]
      }
    },
    {
      "type": "Feature",
      "id": "b-002-2-203",
      "properties": {
        "roomId": "b-002-2-203",
        "floorId": "b-002-2",
        "buildingId": "b-002",
        "nr": "203",
        "type": "Büro",
        "area": 20,
        "workspaces": 2,
        "groundElevation": 543,
        "baseHeight": 7,
        "topHeight": 10.5
      },
      "geometry": {
        "type": "Polygon",
        "coordinates": [
          [
            [
              7.443848,
              46.946739
            ],
            [
              7.443896,
              46.946739
            ],
            [
              7.443896,
              46.946789
            ],
            [
              7.443848,
              46.946789
            ],
            [
              7.443848,
              46.946739
            ]
          ]
        ]
      }
    },
    {
      "type": "Feature",
      "id": "b-002-2-209",
      "properties": {
        "roomId": "b-002-2-209",
        "floorId": "b-002-2",
        "buildingId": "b-002",
        "nr": "209",
        "type": "Büro",
        "area": 20,
        "workspaces": 2,
        "groundElevation": 543,
        "baseHeight": 7,
        "topHeight": 10.5
      },
      "geometry": {
        "type": "Polygon",
        "coordinates": [
          [
            [
              7.4439,
              46.946739
            ],
            [
              7.443948,
              46.946739
            ],
            [
              7.443948,
              46.946789
            ],
            [
              7.4439,
              46.946789
            ],
            [
              7.4439,
              46.946739
            ]
          ]
        ]
      }
    },
    {
      "type": "Feature",
      "id": "b-002-2-212",
      "properties": {
        "roomId": "b-002-2-212",
        "floorId": "b-002-2",
        "buildingId": "b-002",
        "nr": "212",
        "type": "Sitzungszimmer",
        "area": 35,
        "workspaces": 0,
        "groundElevation": 543,
        "baseHeight": 7,
        "topHeight": 10.5
      },
      "geometry": {
        "type": "Polygon",
        "coordinates": [
          [
            [
              7.443952,
              46.946739
            ],
            [
              7.444036,
              46.946739
            ],
            [
              7.444036,
              46.946789
            ],
            [
              7.443952,
              46.946789
            ],
            [
              7.443952,
              46.946739
            ]
          ]
        ]
      }
    },
    {
      "type": "Feature",
      "id": "b-002-2-214",
      "properties": {
        "roomId": "b-002-2-214",
        "floorId": "b-002-2",
        "buildingId": "b-002",
        "nr": "214",
        "type": "Sitzungszimmer",
        "area": 22,
        "workspaces": 0,
        "groundElevation": 543,
        "baseHeight": 7,
        "topHeight": 10.5
      },
      "geometry": {
        "type": "Polygon",
        "coordinates": [
          [
            [
              7.44404,
              46.946739
            ],
            [
              7.444093,
              46.946739
            ],
            [
              7.444093,
              46.946789
            ],
            [
              7.44404,
              46.946789
            ],
            [
              7.44404,
              46.946739
            ]
          ]
        ]
      }
    },
    {
      "type": "Feature",
      "id": "b-002-2-216",
      "properties": {
        "roomId": "b-002-2-216",
        "floorId": "b-002-2",
        "buildingId": "b-002",
        "nr": "216",
        "type": "Korridor",
        "area": 25,
        "workspaces": 0,
        "groundElevation": 543,
        "baseHeight": 7,
        "topHeight": 10.5
      },
      "geometry": {
        "type": "Polygon",
        "coordinates": [
          [
            [
              7.443574,
              46.946789
            ],
            [
              7.443705,
              46.946789
            ],
            [
              7.443705,
              46.946811
            ],
            [
              7.443574,
              46.946811
            ],
            [
              7.443574,
              46.946789
            ]
          ]
        ]
      }
    },
    {
      "type": "Feature",
      "id": "b-002-2-217",
      "properties": {
        "roomId": "b-002-2-217",
        "floorId": "b-002-2",
        "buildingId": "b-002",
        "nr": "217",
        "type": "Korridor",
        "area": 18,
        "workspaces": 0,
        "groundElevation": 543,
        "baseHeight": 7,
        "topHeight": 10.5
      },
      "geometry": {
        "type": "Polygon",
        "coordinates": [
          [
            [
              7.443709,
              46.946789
            ],
            [
              7.443804,
              46.946789
            ],
            [
              7.443804,
              46.946811
            ],
            [
              7.443709,
              46.946811
            ],
            [
              7.443709,
              46.946789
            ]
          ]
        ]
      }
    },
    {
      "type": "Feature",
      "id": "b-003-ug-UG07",
      "properties": {
        "roomId": "b-003-ug-UG07",
        "floorId": "b-003-ug",
        "buildingId": "b-003",
        "nr": "UG07",
        "type": "WC",
        "area": 10,
        "workspaces": 0,
        "groundElevation": 530.6,
        "baseHeight": 0,
        "topHeight": 3.5
      },
      "geometry": {
        "type": "Polygon",
        "coordinates": [
          [
            [
              7.450585,
              46.944011
            ],
            [
              7.450609,
              46.944011
            ],
            [
              7.450609,
              46.944061
            ],
            [
              7.450585,
              46.944061
            ],
            [
              7.450585,
              46.944011
            ]
          ]
        ]
      }
    },
    {
      "type": "Feature",
      "id": "b-003-ug-UG03",
      "properties": {
        "roomId": "b-003-ug-UG03",
        "floorId": "b-003-ug",
        "buildingId": "b-003",
        "nr": "UG03",
        "type": "Lager",
        "area": 22,
        "workspaces": 0,
        "groundElevation": 530.6,
        "baseHeight": 0,
        "topHeight": 3.5
      },
      "geometry": {
        "type": "Polygon",
        "coordinates": [
          [
            [
              7.450613,
              46.944011
            ],
            [
              7.450665,
              46.944011
            ],
            [
              7.450665,
              46.944061
            ],
            [
              7.450613,
              46.944061
            ],
            [
              7.450613,
              46.944011
            ]
          ]
        ]
      }
    },
    {
      "type": "Feature",
      "id": "b-003-ug-UG08",
      "properties": {
        "roomId": "b-003-ug-UG08",
        "floorId": "b-003-ug",
        "buildingId": "b-003",
        "nr": "UG08",
        "type": "Lager",
        "area": 20,
        "workspaces": 0,
        "groundElevation": 530.6,
        "baseHeight": 0,
        "topHeight": 3.5
      },
      "geometry": {
        "type": "Polygon",
        "coordinates": [
          [
            [
              7.450669,
              46.944011
            ],
            [
              7.450717,
              46.944011
            ],
            [
              7.450717,
              46.944061
            ],
            [
              7.450669,
              46.944061
            ],
            [
              7.450669,
              46.944011
            ]
          ]
        ]
      }
    },
    {
      "type": "Feature",
      "id": "b-003-ug-UG05",
      "properties": {
        "roomId": "b-003-ug-UG05",
        "floorId": "b-003-ug",
        "buildingId": "b-003",
        "nr": "UG05",
        "type": "Lager",
        "area": 15,
        "workspaces": 0,
        "groundElevation": 530.6,
        "baseHeight": 0,
        "topHeight": 3.5
      },
      "geometry": {
        "type": "Polygon",
        "coordinates": [
          [
            [
              7.450721,
              46.944011
            ],
            [
              7.450757,
              46.944011
            ],
            [
              7.450757,
              46.944061
            ],
            [
              7.450721,
              46.944061
            ],
            [
              7.450721,
              46.944011
            ]
          ]
        ]
      }
    },
    {
      "type": "Feature",
      "id": "b-003-ug-UG01",
      "properties": {
        "roomId": "b-003-ug-UG01",
        "floorId": "b-003-ug",
        "buildingId": "b-003",
        "nr": "UG01",
        "type": "Lager",
        "area": 24,
        "workspaces": 0,
        "groundElevation": 530.6,
        "baseHeight": 0,
        "topHeight": 3.5
      },
      "geometry": {
        "type": "Polygon",
        "coordinates": [
          [
            [
              7.450585,
              46.943939
            ],
            [
              7.450642,
              46.943939
            ],
            [
              7.450642,
              46.943989
            ],
            [
              7.450585,
              46.943989
            ],
            [
              7.450585,
              46.943939
            ]
          ]
        ]
      }
    },
    {
      "type": "Feature",
      "id": "b-003-ug-UG02",
      "properties": {
        "roomId": "b-003-ug-UG02",
        "floorId": "b-003-ug",
        "buildingId": "b-003",
        "nr": "UG02",
        "type": "Lager",
        "area": 20,
        "workspaces": 0,
        "groundElevation": 530.6,
        "baseHeight": 0,
        "topHeight": 3.5
      },
      "geometry": {
        "type": "Polygon",
        "coordinates": [
          [
            [
              7.450646,
              46.943939
            ],
            [
              7.450694,
              46.943939
            ],
            [
              7.450694,
              46.943989
            ],
            [
              7.450646,
              46.943989
            ],
            [
              7.450646,
              46.943939
            ]
          ]
        ]
      }
    },
    {
      "type": "Feature",
      "id": "b-003-ug-UG04",
      "properties": {
        "roomId": "b-003-ug-UG04",
        "floorId": "b-003-ug",
        "buildingId": "b-003",
        "nr": "UG04",
        "type": "Lager",
        "area": 18,
        "workspaces": 0,
        "groundElevation": 530.6,
        "baseHeight": 0,
        "topHeight": 3.5
      },
      "geometry": {
        "type": "Polygon",
        "coordinates": [
          [
            [
              7.450698,
              46.943939
            ],
            [
              7.450741,
              46.943939
            ],
            [
              7.450741,
              46.943989
            ],
            [
              7.450698,
              46.943989
            ],
            [
              7.450698,
              46.943939
            ]
          ]
        ]
      }
    },
    {
      "type": "Feature",
      "id": "b-003-ug-UG06",
      "properties": {
        "roomId": "b-003-ug-UG06",
        "floorId": "b-003-ug",
        "buildingId": "b-003",
        "nr": "UG06",
        "type": "Korridor",
        "area": 25,
        "workspaces": 0,
        "groundElevation": 530.6,
        "baseHeight": 0,
        "topHeight": 3.5
      },
      "geometry": {
        "type": "Polygon",
        "coordinates": [
          [
            [
              7.450585,
              46.943989
            ],
            [
              7.450716,
              46.943989
            ],
            [
              7.450716,
              46.944011
            ],
            [
              7.450585,
              46.944011
            ],
            [
              7.450585,
              46.943989
            ]
          ]
        ]
      }
    },
    {
      "type": "Feature",
      "id": "b-003-eg-EG07",
      "properties": {
        "roomId": "b-003-eg-EG07",
        "floorId": "b-003-eg",
        "buildingId": "b-003",
        "nr": "EG07",
        "type": "Open Space",
        "area": 50,
        "workspaces": 6,
        "groundElevation": 530.6,
        "baseHeight": 3.5,
        "topHeight": 7
      },
      "geometry": {
        "type": "Polygon",
        "coordinates": [
          [
            [
              7.450585,
              46.944011
            ],
            [
              7.450704,
              46.944011
            ],
            [
              7.450704,
              46.944061
            ],
            [
              7.450585,
              46.944061
            ],
            [
              7.450585,
              46.944011
            ]
          ]
        ]
      }
    },
    {
      "type": "Feature",
      "id": "b-003-eg-EG16",
      "properties": {
        "roomId": "b-003-eg-EG16",
        "floorId": "b-003-eg",
        "buildingId": "b-003",
        "nr": "EG16",
        "type": "Büro",
        "area": 26,
        "workspaces": 4,
        "groundElevation": 530.6,
        "baseHeight": 3.5,
        "topHeight": 7
      },
      "geometry": {
        "type": "Polygon",
        "coordinates": [
          [
            [
              7.450708,
              46.944011
            ],
            [
              7.450771,
              46.944011
            ],
            [
              7.450771,
              46.944061
            ],
            [
              7.450708,
              46.944061
            ],
            [
              7.450708,
              46.944011
            ]
          ]
        ]
      }
    },
    {
      "type": "Feature",
      "id": "b-003-eg-EG05",
      "properties": {
        "roomId": "b-003-eg-EG05",
        "floorId": "b-003-eg",
        "buildingId": "b-003",
        "nr": "EG05",
        "type": "Büro",
        "area": 22,
        "workspaces": 3,
        "groundElevation": 530.6,
        "baseHeight": 3.5,
        "topHeight": 7
      },
      "geometry": {
        "type": "Polygon",
        "coordinates": [
          [
            [
              7.450775,
              46.944011
            ],
            [
              7.450828,
              46.944011
            ],
            [
              7.450828,
              46.944061
            ],
            [
              7.450775,
              46.944061
            ],
            [
              7.450775,
              46.944011
            ]
          ]
        ]
      }
    },
    {
      "type": "Feature",
      "id": "b-003-eg-EG06",
      "properties": {
        "roomId": "b-003-eg-EG06",
        "floorId": "b-003-eg",
        "buildingId": "b-003",
        "nr": "EG06",
        "type": "Büro",
        "area": 18,
        "workspaces": 2,
        "groundElevation": 530.6,
        "baseHeight": 3.5,
        "topHeight": 7
      },
      "geometry": {
        "type": "Polygon",
        "coordinates": [
          [
            [
              7.450831,
              46.944011
            ],
            [
              7.450875,
              46.944011
            ],
            [
              7.450875,
              46.944061
            ],
            [
              7.450831,
              46.944061
            ],
            [
              7.450831,
              46.944011
            ]
          ]
        ]
      }
    },
    {
      "type": "Feature",
      "id": "b-003-eg-EG09",
      "properties": {
        "roomId": "b-003-eg-EG09",
        "floorId": "b-003-eg",
        "buildingId": "b-003",
        "nr": "EG09",
        "type": "Sitzungszimmer",
        "area": 30,
        "workspaces": 0,
        "groundElevation": 530.6,
        "baseHeight": 3.5,
        "topHeight": 7
      },
      "geometry": {
        "type": "Polygon",
        "coordinates": [
          [
            [
              7.450879,
              46.944011
            ],
            [
              7.450951,
              46.944011
            ],
            [
              7.450951,
              46.944061
            ],
            [
              7.450879,
              46.944061
            ],
            [
              7.450879,
              46.944011
            ]
          ]
        ]
      }
    },
    {
      "type": "Feature",
      "id": "b-003-eg-EG11",
      "properties": {
        "roomId": "b-003-eg-EG11",
        "floorId": "b-003-eg",
        "buildingId": "b-003",
        "nr": "EG11",
        "type": "Teeküche",
        "area": 14,
        "workspaces": 0,
        "groundElevation": 530.6,
        "baseHeight": 3.5,
        "topHeight": 7
      },
      "geometry": {
        "type": "Polygon",
        "coordinates": [
          [
            [
              7.450954,
              46.944011
            ],
            [
              7.450988,
              46.944011
            ],
            [
              7.450988,
              46.944061
            ],
            [
              7.450954,
              46.944061
            ],
            [
              7.450954,
              46.944011
            ]
          ]
        ]
      }
    },
    {
      "type": "Feature",
      "id": "b-003-eg-EG01",
      "properties": {
        "roomId": "b-003-eg-EG01",
        "floorId": "b-003-eg",
        "buildingId": "b-003",
        "nr": "EG01",
        "type": "Empfang",
        "area": 35,
        "workspaces": 2,
        "groundElevation": 530.6,
        "baseHeight": 3.5,
        "topHeight": 7
      },
      "geometry": {
        "type": "Polygon",
        "coordinates": [
          [
            [
              7.450585,
              46.943939
            ],
            [
              7.450669,
              46.943939
            ],
            [
              7.450669,
              46.943989
            ],
            [
              7.450585,
              46.943989
            ],
            [
              7.450585,
              46.943939
            ]
          ]
        ]
      }
    },
    {
      "type": "Feature",
      "id": "b-003-eg-EG04",
      "properties": {
        "roomId": "b-003-eg-EG04",
        "floorId": "b-003-eg",
        "buildingId": "b-003",
        "nr": "EG04",
        "type": "Büro",
        "area": 28,
        "workspaces": 4,
        "groundElevation": 530.6,
        "baseHeight": 3.5,
        "topHeight": 7
      },
      "geometry": {
        "type": "Polygon",
        "coordinates": [
          [
            [
              7.450672,
              46.943939
            ],
            [
              7.45074,
              46.943939
            ],
            [
              7.45074,
              46.943989
            ],
            [
              7.450672,
              46.943989
            ],
            [
              7.450672,
              46.943939
            ]
          ]
        ]
      }
    },
    {
      "type": "Feature",
      "id": "b-003-eg-EG02",
      "properties": {
        "roomId": "b-003-eg-EG02",
        "floorId": "b-003-eg",
        "buildingId": "b-003",
        "nr": "EG02",
        "type": "Büro",
        "area": 24,
        "workspaces": 3,
        "groundElevation": 530.6,
        "baseHeight": 3.5,
        "topHeight": 7
      },
      "geometry": {
        "type": "Polygon",
        "coordinates": [
          [
            [
              7.450744,
              46.943939
            ],
            [
              7.450801,
              46.943939
            ],
            [
              7.450801,
              46.943989
            ],
            [
              7.450744,
              46.943989
            ],
            [
              7.450744,
              46.943939
            ]
          ]
        ]
      }
    },
    {
      "type": "Feature",
      "id": "b-003-eg-EG03",
      "properties": {
        "roomId": "b-003-eg-EG03",
        "floorId": "b-003-eg",
        "buildingId": "b-003",
        "nr": "EG03",
        "type": "Büro",
        "area": 20,
        "workspaces": 2,
        "groundElevation": 530.6,
        "baseHeight": 3.5,
        "topHeight": 7
      },
      "geometry": {
        "type": "Polygon",
        "coordinates": [
          [
            [
              7.450805,
              46.943939
            ],
            [
              7.450853,
              46.943939
            ],
            [
              7.450853,
              46.943989
            ],
            [
              7.450805,
              46.943989
            ],
            [
              7.450805,
              46.943939
            ]
          ]
        ]
      }
    },
    {
      "type": "Feature",
      "id": "b-003-eg-EG08",
      "properties": {
        "roomId": "b-003-eg-EG08",
        "floorId": "b-003-eg",
        "buildingId": "b-003",
        "nr": "EG08",
        "type": "Büro",
        "area": 16,
        "workspaces": 2,
        "groundElevation": 530.6,
        "baseHeight": 3.5,
        "topHeight": 7
      },
      "geometry": {
        "type": "Polygon",
        "coordinates": [
          [
            [
              7.450857,
              46.943939
            ],
            [
              7.450895,
              46.943939
            ],
            [
              7.450895,
              46.943989
            ],
            [
              7.450857,
              46.943989
            ],
            [
              7.450857,
              46.943939
            ]
          ]
        ]
      }
    },
    {
      "type": "Feature",
      "id": "b-003-eg-EG10",
      "properties": {
        "roomId": "b-003-eg-EG10",
        "floorId": "b-003-eg",
        "buildingId": "b-003",
        "nr": "EG10",
        "type": "Sitzungszimmer",
        "area": 24,
        "workspaces": 0,
        "groundElevation": 530.6,
        "baseHeight": 3.5,
        "topHeight": 7
      },
      "geometry": {
        "type": "Polygon",
        "coordinates": [
          [
            [
              7.450899,
              46.943939
            ],
            [
              7.450957,
              46.943939
            ],
            [
              7.450957,
              46.943989
            ],
            [
              7.450899,
              46.943989
            ],
            [
              7.450899,
              46.943939
            ]
          ]
        ]
      }
    },
    {
      "type": "Feature",
      "id": "b-003-eg-EG14",
      "properties": {
        "roomId": "b-003-eg-EG14",
        "floorId": "b-003-eg",
        "buildingId": "b-003",
        "nr": "EG14",
        "type": "WC",
        "area": 12,
        "workspaces": 0,
        "groundElevation": 530.6,
        "baseHeight": 3.5,
        "topHeight": 7
      },
      "geometry": {
        "type": "Polygon",
        "coordinates": [
          [
            [
              7.450961,
              46.943939
            ],
            [
              7.45099,
              46.943939
            ],
            [
              7.45099,
              46.943989
            ],
            [
              7.450961,
              46.943989
            ],
            [
              7.450961,
              46.943939
            ]
          ]
        ]
      }
    },
    {
      "type": "Feature",
      "id": "b-003-eg-EG15",
      "properties": {
        "roomId": "b-003-eg-EG15",
        "floorId": "b-003-eg",
        "buildingId": "b-003",
        "nr": "EG15",
        "type": "WC",
        "area": 10,
        "workspaces": 0,
        "groundElevation": 530.6,
        "baseHeight": 3.5,
        "topHeight": 7
      },
      "geometry": {
        "type": "Polygon",
        "coordinates": [
          [
            [
              7.450994,
              46.943939
            ],
            [
              7.451018,
              46.943939
            ],
            [
              7.451018,
              46.943989
            ],
            [
              7.450994,
              46.943989
            ],
            [
              7.450994,
              46.943939
            ]
          ]
        ]
      }
    },
    {
      "type": "Feature",
      "id": "b-003-eg-EG12",
      "properties": {
        "roomId": "b-003-eg-EG12",
        "floorId": "b-003-eg",
        "buildingId": "b-003",
        "nr": "EG12",
        "type": "Korridor",
        "area": 22,
        "workspaces": 0,
        "groundElevation": 530.6,
        "baseHeight": 3.5,
        "topHeight": 7
      },
      "geometry": {
        "type": "Polygon",
        "coordinates": [
          [
            [
              7.450585,
              46.943989
            ],
            [
              7.450701,
              46.943989
            ],
            [
              7.450701,
              46.944011
            ],
            [
              7.450585,
              46.944011
            ],
            [
              7.450585,
              46.943989
            ]
          ]
        ]
      }
    },
    {
      "type": "Feature",
      "id": "b-003-eg-EG13",
      "properties": {
        "roomId": "b-003-eg-EG13",
        "floorId": "b-003-eg",
        "buildingId": "b-003",
        "nr": "EG13",
        "type": "Korridor",
        "area": 18,
        "workspaces": 0,
        "groundElevation": 530.6,
        "baseHeight": 3.5,
        "topHeight": 7
      },
      "geometry": {
        "type": "Polygon",
        "coordinates": [
          [
            [
              7.450705,
              46.943989
            ],
            [
              7.4508,
              46.943989
            ],
            [
              7.4508,
              46.944011
            ],
            [
              7.450705,
              46.944011
            ],
            [
              7.450705,
              46.943989
            ]
          ]
        ]
      }
    },
    {
      "type": "Feature",
      "id": "b-003-1-108",
      "properties": {
        "roomId": "b-003-1-108",
        "floorId": "b-003-1",
        "buildingId": "b-003",
        "nr": "108",
        "type": "Open Space",
        "area": 68,
        "workspaces": 10,
        "groundElevation": 530.6,
        "baseHeight": 7,
        "topHeight": 10.5
      },
      "geometry": {
        "type": "Polygon",
        "coordinates": [
          [
            [
              7.450585,
              46.944011
            ],
            [
              7.450748,
              46.944011
            ],
            [
              7.450748,
              46.944061
            ],
            [
              7.450585,
              46.944061
            ],
            [
              7.450585,
              46.944011
            ]
          ]
        ]
      }
    },
    {
      "type": "Feature",
      "id": "b-003-1-120",
      "properties": {
        "roomId": "b-003-1-120",
        "floorId": "b-003-1",
        "buildingId": "b-003",
        "nr": "120",
        "type": "Büro",
        "area": 26,
        "workspaces": 4,
        "groundElevation": 530.6,
        "baseHeight": 7,
        "topHeight": 10.5
      },
      "geometry": {
        "type": "Polygon",
        "coordinates": [
          [
            [
              7.450752,
              46.944011
            ],
            [
              7.450814,
              46.944011
            ],
            [
              7.450814,
              46.944061
            ],
            [
              7.450752,
              46.944061
            ],
            [
              7.450752,
              46.944011
            ]
          ]
        ]
      }
    },
    {
      "type": "Feature",
      "id": "b-003-1-102",
      "properties": {
        "roomId": "b-003-1-102",
        "floorId": "b-003-1",
        "buildingId": "b-003",
        "nr": "102",
        "type": "Büro",
        "area": 24,
        "workspaces": 3,
        "groundElevation": 530.6,
        "baseHeight": 7,
        "topHeight": 10.5
      },
      "geometry": {
        "type": "Polygon",
        "coordinates": [
          [
            [
              7.450818,
              46.944011
            ],
            [
              7.450875,
              46.944011
            ],
            [
              7.450875,
              46.944061
            ],
            [
              7.450818,
              46.944061
            ],
            [
              7.450818,
              46.944011
            ]
          ]
        ]
      }
    },
    {
      "type": "Feature",
      "id": "b-003-1-109",
      "properties": {
        "roomId": "b-003-1-109",
        "floorId": "b-003-1",
        "buildingId": "b-003",
        "nr": "109",
        "type": "Büro",
        "area": 22,
        "workspaces": 3,
        "groundElevation": 530.6,
        "baseHeight": 7,
        "topHeight": 10.5
      },
      "geometry": {
        "type": "Polygon",
        "coordinates": [
          [
            [
              7.450879,
              46.944011
            ],
            [
              7.450932,
              46.944011
            ],
            [
              7.450932,
              46.944061
            ],
            [
              7.450879,
              46.944061
            ],
            [
              7.450879,
              46.944011
            ]
          ]
        ]
      }
    },
    {
      "type": "Feature",
      "id": "b-003-1-104",
      "properties": {
        "roomId": "b-003-1-104",
        "floorId": "b-003-1",
        "buildingId": "b-003",
        "nr": "104",
        "type": "Büro",
        "area": 20,
        "workspaces": 2,
        "groundElevation": 530.6,
        "baseHeight": 7,
        "topHeight": 10.5
      },
      "geometry": {
        "type": "Polygon",
        "coordinates": [
          [
            [
              7.450936,
              46.944011
            ],
            [
              7.450984,
              46.944011
            ],
            [
              7.450984,
              46.944061
            ],
            [
              7.450936,
              46.944061
            ],
            [
              7.450936,
              46.944011
            ]
          ]
        ]
      }
    },
    {
      "type": "Feature",
      "id": "b-003-1-106",
      "properties": {
        "roomId": "b-003-1-106",
        "floorId": "b-003-1",
        "buildingId": "b-003",
        "nr": "106",
        "type": "Büro",
        "area": 18,
        "workspaces": 2,
        "groundElevation": 530.6,
        "baseHeight": 7,
        "topHeight": 10.5
      },
      "geometry": {
        "type": "Polygon",
        "coordinates": [
          [
            [
              7.450988,
              46.944011
            ],
            [
              7.451031,
              46.944011
            ],
            [
              7.451031,
              46.944061
            ],
            [
              7.450988,
              46.944061
            ],
            [
              7.450988,
              46.944011
            ]
          ]
        ]
      }
    },
    {
      "type": "Feature",
      "id": "b-003-1-114",
      "properties": {
        "roomId": "b-003-1-114",
        "floorId": "b-003-1",
        "buildingId": "b-003",
        "nr": "114",
        "type": "Sitzungszimmer",
        "area": 35,
        "workspaces": 0,
        "groundElevation": 530.6,
        "baseHeight": 7,
        "topHeight": 10.5
      },
      "geometry": {
        "type": "Polygon",
        "coordinates": [
          [
            [
              7.451035,
              46.944011
            ],
            [
              7.451119,
              46.944011
            ],
            [
              7.451119,
              46.944061
            ],
            [
              7.451035,
              46.944061
            ],
            [
              7.451035,
              46.944011
            ]
          ]
        ]
      }
    },
    {
      "type": "Feature",
      "id": "b-003-1-116",
      "properties": {
        "roomId": "b-003-1-116",
        "floorId": "b-003-1",
        "buildingId": "b-003",
        "nr": "116",
        "type": "Teeküche",
        "area": 14,
        "workspaces": 0,
        "groundElevation": 530.6,
        "baseHeight": 7,
        "topHeight": 10.5
      },
      "geometry": {
        "type": "Polygon",
        "coordinates": [
          [
            [
              7.451123,
              46.944011
            ],
            [
              7.451157,
              46.944011
            ],
            [
              7.451157,
              46.944061
            ],
            [
              7.451123,
              46.944061
            ],
            [
              7.451123,
              46.944011
            ]
          ]
        ]
      }
    },
    {
      "type": "Feature",
      "id": "b-003-1-107",
      "properties": {
        "roomId": "b-003-1-107",
        "floorId": "b-003-1",
        "buildingId": "b-003",
        "nr": "107",
        "type": "Büro",
        "area": 30,
        "workspaces": 4,
        "groundElevation": 530.6,
        "baseHeight": 7,
        "topHeight": 10.5
      },
      "geometry": {
        "type": "Polygon",
        "coordinates": [
          [
            [
              7.450585,
              46.943939
            ],
            [
              7.450657,
              46.943939
            ],
            [
              7.450657,
              46.943989
            ],
            [
              7.450585,
              46.943989
            ],
            [
              7.450585,
              46.943939
            ]
          ]
        ]
      }
    },
    {
      "type": "Feature",
      "id": "b-003-1-101",
      "properties": {
        "roomId": "b-003-1-101",
        "floorId": "b-003-1",
        "buildingId": "b-003",
        "nr": "101",
        "type": "Büro",
        "area": 28,
        "workspaces": 4,
        "groundElevation": 530.6,
        "baseHeight": 7,
        "topHeight": 10.5
      },
      "geometry": {
        "type": "Polygon",
        "coordinates": [
          [
            [
              7.45066,
              46.943939
            ],
            [
              7.450728,
              46.943939
            ],
            [
              7.450728,
              46.943989
            ],
            [
              7.45066,
              46.943989
            ],
            [
              7.45066,
              46.943939
            ]
          ]
        ]
      }
    },
    {
      "type": "Feature",
      "id": "b-003-1-105",
      "properties": {
        "roomId": "b-003-1-105",
        "floorId": "b-003-1",
        "buildingId": "b-003",
        "nr": "105",
        "type": "Büro",
        "area": 26,
        "workspaces": 3,
        "groundElevation": 530.6,
        "baseHeight": 7,
        "topHeight": 10.5
      },
      "geometry": {
        "type": "Polygon",
        "coordinates": [
          [
            [
              7.450732,
              46.943939
            ],
            [
              7.450794,
              46.943939
            ],
            [
              7.450794,
              46.943989
            ],
            [
              7.450732,
              46.943989
            ],
            [
              7.450732,
              46.943939
            ]
          ]
        ]
      }
    },
    {
      "type": "Feature",
      "id": "b-003-1-112",
      "properties": {
        "roomId": "b-003-1-112",
        "floorId": "b-003-1",
        "buildingId": "b-003",
        "nr": "112",
        "type": "Büro",
        "area": 25,
        "workspaces": 3,
        "groundElevation": 530.6,
        "baseHeight": 7,
        "topHeight": 10.5
      },
      "geometry": {
        "type": "Polygon",
        "coordinates": [
          [
            [
              7.450798,
              46.943939
            ],
            [
              7.450858,
              46.943939
            ],
            [
              7.450858,
              46.943989
            ],
            [
              7.450798,
              46.943989
            ],
            [
              7.450798,
              46.943939
            ]
          ]
        ]
      }
    },
    {
      "type": "Feature",
      "id": "b-003-1-103",
      "properties": {
        "roomId": "b-003-1-103",
        "floorId": "b-003-1",
        "buildingId": "b-003",
        "nr": "103",
        "type": "Büro",
        "area": 22,
        "workspaces": 3,
        "groundElevation": 530.6,
        "baseHeight": 7,
        "topHeight": 10.5
      },
      "geometry": {
        "type": "Polygon",
        "coordinates": [
          [
            [
              7.450862,
              46.943939
            ],
            [
              7.450915,
              46.943939
            ],
            [
              7.450915,
              46.943989
            ],
            [
              7.450862,
              46.943989
            ],
            [
              7.450862,
              46.943939
            ]
          ]
        ]
      }
    },
    {
      "type": "Feature",
      "id": "b-003-1-113",
      "properties": {
        "roomId": "b-003-1-113",
        "floorId": "b-003-1",
        "buildingId": "b-003",
        "nr": "113",
        "type": "Büro",
        "area": 22,
        "workspaces": 3,
        "groundElevation": 530.6,
        "baseHeight": 7,
        "topHeight": 10.5
      },
      "geometry": {
        "type": "Polygon",
        "coordinates": [
          [
            [
              7.450919,
              46.943939
            ],
            [
              7.450971,
              46.943939
            ],
            [
              7.450971,
              46.943989
            ],
            [
              7.450919,
              46.943989
            ],
            [
              7.450919,
              46.943939
            ]
          ]
        ]
      }
    },
    {
      "type": "Feature",
      "id": "b-003-1-111",
      "properties": {
        "roomId": "b-003-1-111",
        "floorId": "b-003-1",
        "buildingId": "b-003",
        "nr": "111",
        "type": "Büro",
        "area": 20,
        "workspaces": 2,
        "groundElevation": 530.6,
        "baseHeight": 7,
        "topHeight": 10.5
      },
      "geometry": {
        "type": "Polygon",
        "coordinates": [
          [
            [
              7.450975,
              46.943939
            ],
            [
              7.451023,
              46.943939
            ],
            [
              7.451023,
              46.943989
            ],
            [
              7.450975,
              46.943989
            ],
            [
              7.450975,
              46.943939
            ]
          ]
        ]
      }
    },
    {
      "type": "Feature",
      "id": "b-003-1-110",
      "properties": {
        "roomId": "b-003-1-110",
        "floorId": "b-003-1",
        "buildingId": "b-003",
        "nr": "110",
        "type": "Büro",
        "area": 16,
        "workspaces": 2,
        "groundElevation": 530.6,
        "baseHeight": 7,
        "topHeight": 10.5
      },
      "geometry": {
        "type": "Polygon",
        "coordinates": [
          [
            [
              7.451027,
              46.943939
            ],
            [
              7.451065,
              46.943939
            ],
            [
              7.451065,
              46.943989
            ],
            [
              7.451027,
              46.943989
            ],
            [
              7.451027,
              46.943939
            ]
          ]
        ]
      }
    },
    {
      "type": "Feature",
      "id": "b-003-1-115",
      "properties": {
        "roomId": "b-003-1-115",
        "floorId": "b-003-1",
        "buildingId": "b-003",
        "nr": "115",
        "type": "Sitzungszimmer",
        "area": 25,
        "workspaces": 0,
        "groundElevation": 530.6,
        "baseHeight": 7,
        "topHeight": 10.5
      },
      "geometry": {
        "type": "Polygon",
        "coordinates": [
          [
            [
              7.451069,
              46.943939
            ],
            [
              7.451129,
              46.943939
            ],
            [
              7.451129,
              46.943989
            ],
            [
              7.451069,
              46.943989
            ],
            [
              7.451069,
              46.943939
            ]
          ]
        ]
      }
    },
    {
      "type": "Feature",
      "id": "b-003-1-119",
      "properties": {
        "roomId": "b-003-1-119",
        "floorId": "b-003-1",
        "buildingId": "b-003",
        "nr": "119",
        "type": "WC",
        "area": 12,
        "workspaces": 0,
        "groundElevation": 530.6,
        "baseHeight": 7,
        "topHeight": 10.5
      },
      "geometry": {
        "type": "Polygon",
        "coordinates": [
          [
            [
              7.451133,
              46.943939
            ],
            [
              7.451162,
              46.943939
            ],
            [
              7.451162,
              46.943989
            ],
            [
              7.451133,
              46.943989
            ],
            [
              7.451133,
              46.943939
            ]
          ]
        ]
      }
    },
    {
      "type": "Feature",
      "id": "b-003-1-117",
      "properties": {
        "roomId": "b-003-1-117",
        "floorId": "b-003-1",
        "buildingId": "b-003",
        "nr": "117",
        "type": "Korridor",
        "area": 24,
        "workspaces": 0,
        "groundElevation": 530.6,
        "baseHeight": 7,
        "topHeight": 10.5
      },
      "geometry": {
        "type": "Polygon",
        "coordinates": [
          [
            [
              7.450585,
              46.943989
            ],
            [
              7.450711,
              46.943989
            ],
            [
              7.450711,
              46.944011
            ],
            [
              7.450585,
              46.944011
            ],
            [
              7.450585,
              46.943989
            ]
          ]
        ]
      }
    },
    {
      "type": "Feature",
      "id": "b-003-1-118",
      "properties": {
        "roomId": "b-003-1-118",
        "floorId": "b-003-1",
        "buildingId": "b-003",
        "nr": "118",
        "type": "Korridor",
        "area": 18,
        "workspaces": 0,
        "groundElevation": 530.6,
        "baseHeight": 7,
        "topHeight": 10.5
      },
      "geometry": {
        "type": "Polygon",
        "coordinates": [
          [
            [
              7.450715,
              46.943989
            ],
            [
              7.45081,
              46.943989
            ],
            [
              7.45081,
              46.944011
            ],
            [
              7.450715,
              46.944011
            ],
            [
              7.450715,
              46.943989
            ]
          ]
        ]
      }
    },
    {
      "type": "Feature",
      "id": "b-003-2-208",
      "properties": {
        "roomId": "b-003-2-208",
        "floorId": "b-003-2",
        "buildingId": "b-003",
        "nr": "208",
        "type": "Open Space",
        "area": 65,
        "workspaces": 10,
        "groundElevation": 530.6,
        "baseHeight": 10.5,
        "topHeight": 14
      },
      "geometry": {
        "type": "Polygon",
        "coordinates": [
          [
            [
              7.450585,
              46.944011
            ],
            [
              7.45074,
              46.944011
            ],
            [
              7.45074,
              46.944061
            ],
            [
              7.450585,
              46.944061
            ],
            [
              7.450585,
              46.944011
            ]
          ]
        ]
      }
    },
    {
      "type": "Feature",
      "id": "b-003-2-219",
      "properties": {
        "roomId": "b-003-2-219",
        "floorId": "b-003-2",
        "buildingId": "b-003",
        "nr": "219",
        "type": "Büro",
        "area": 26,
        "workspaces": 4,
        "groundElevation": 530.6,
        "baseHeight": 10.5,
        "topHeight": 14
      },
      "geometry": {
        "type": "Polygon",
        "coordinates": [
          [
            [
              7.450744,
              46.944011
            ],
            [
              7.450807,
              46.944011
            ],
            [
              7.450807,
              46.944061
            ],
            [
              7.450744,
              46.944061
            ],
            [
              7.450744,
              46.944011
            ]
          ]
        ]
      }
    },
    {
      "type": "Feature",
      "id": "b-003-2-202",
      "properties": {
        "roomId": "b-003-2-202",
        "floorId": "b-003-2",
        "buildingId": "b-003",
        "nr": "202",
        "type": "Büro",
        "area": 24,
        "workspaces": 3,
        "groundElevation": 530.6,
        "baseHeight": 10.5,
        "topHeight": 14
      },
      "geometry": {
        "type": "Polygon",
        "coordinates": [
          [
            [
              7.450811,
              46.944011
            ],
            [
              7.450868,
              46.944011
            ],
            [
              7.450868,
              46.944061
            ],
            [
              7.450811,
              46.944061
            ],
            [
              7.450811,
              46.944011
            ]
          ]
        ]
      }
    },
    {
      "type": "Feature",
      "id": "b-003-2-209",
      "properties": {
        "roomId": "b-003-2-209",
        "floorId": "b-003-2",
        "buildingId": "b-003",
        "nr": "209",
        "type": "Büro",
        "area": 22,
        "workspaces": 3,
        "groundElevation": 530.6,
        "baseHeight": 10.5,
        "topHeight": 14
      },
      "geometry": {
        "type": "Polygon",
        "coordinates": [
          [
            [
              7.450872,
              46.944011
            ],
            [
              7.450925,
              46.944011
            ],
            [
              7.450925,
              46.944061
            ],
            [
              7.450872,
              46.944061
            ],
            [
              7.450872,
              46.944011
            ]
          ]
        ]
      }
    },
    {
      "type": "Feature",
      "id": "b-003-2-212",
      "properties": {
        "roomId": "b-003-2-212",
        "floorId": "b-003-2",
        "buildingId": "b-003",
        "nr": "212",
        "type": "Büro",
        "area": 20,
        "workspaces": 3,
        "groundElevation": 530.6,
        "baseHeight": 10.5,
        "topHeight": 14
      },
      "geometry": {
        "type": "Polygon",
        "coordinates": [
          [
            [
              7.450929,
              46.944011
            ],
            [
              7.450977,
              46.944011
            ],
            [
              7.450977,
              46.944061
            ],
            [
              7.450929,
              46.944061
            ],
            [
              7.450929,
              46.944011
            ]
          ]
        ]
      }
    },
    {
      "type": "Feature",
      "id": "b-003-2-210",
      "properties": {
        "roomId": "b-003-2-210",
        "floorId": "b-003-2",
        "buildingId": "b-003",
        "nr": "210",
        "type": "Büro",
        "area": 16,
        "workspaces": 2,
        "groundElevation": 530.6,
        "baseHeight": 10.5,
        "topHeight": 14
      },
      "geometry": {
        "type": "Polygon",
        "coordinates": [
          [
            [
              7.450981,
              46.944011
            ],
            [
              7.451019,
              46.944011
            ],
            [
              7.451019,
              46.944061
            ],
            [
              7.450981,
              46.944061
            ],
            [
              7.450981,
              46.944011
            ]
          ]
        ]
      }
    },
    {
      "type": "Feature",
      "id": "b-003-2-214",
      "properties": {
        "roomId": "b-003-2-214",
        "floorId": "b-003-2",
        "buildingId": "b-003",
        "nr": "214",
        "type": "Sitzungszimmer",
        "area": 25,
        "workspaces": 0,
        "groundElevation": 530.6,
        "baseHeight": 10.5,
        "topHeight": 14
      },
      "geometry": {
        "type": "Polygon",
        "coordinates": [
          [
            [
              7.451023,
              46.944011
            ],
            [
              7.451083,
              46.944011
            ],
            [
              7.451083,
              46.944061
            ],
            [
              7.451023,
              46.944061
            ],
            [
              7.451023,
              46.944011
            ]
          ]
        ]
      }
    },
    {
      "type": "Feature",
      "id": "b-003-2-215",
      "properties": {
        "roomId": "b-003-2-215",
        "floorId": "b-003-2",
        "buildingId": "b-003",
        "nr": "215",
        "type": "Teeküche",
        "area": 14,
        "workspaces": 0,
        "groundElevation": 530.6,
        "baseHeight": 10.5,
        "topHeight": 14
      },
      "geometry": {
        "type": "Polygon",
        "coordinates": [
          [
            [
              7.451087,
              46.944011
            ],
            [
              7.451121,
              46.944011
            ],
            [
              7.451121,
              46.944061
            ],
            [
              7.451087,
              46.944061
            ],
            [
              7.451087,
              46.944011
            ]
          ]
        ]
      }
    },
    {
      "type": "Feature",
      "id": "b-003-2-206",
      "properties": {
        "roomId": "b-003-2-206",
        "floorId": "b-003-2",
        "buildingId": "b-003",
        "nr": "206",
        "type": "Büro",
        "area": 30,
        "workspaces": 4,
        "groundElevation": 530.6,
        "baseHeight": 10.5,
        "topHeight": 14
      },
      "geometry": {
        "type": "Polygon",
        "coordinates": [
          [
            [
              7.450585,
              46.943939
            ],
            [
              7.450657,
              46.943939
            ],
            [
              7.450657,
              46.943989
            ],
            [
              7.450585,
              46.943989
            ],
            [
              7.450585,
              46.943939
            ]
          ]
        ]
      }
    },
    {
      "type": "Feature",
      "id": "b-003-2-201",
      "properties": {
        "roomId": "b-003-2-201",
        "floorId": "b-003-2",
        "buildingId": "b-003",
        "nr": "201",
        "type": "Büro",
        "area": 28,
        "workspaces": 4,
        "groundElevation": 530.6,
        "baseHeight": 10.5,
        "topHeight": 14
      },
      "geometry": {
        "type": "Polygon",
        "coordinates": [
          [
            [
              7.45066,
              46.943939
            ],
            [
              7.450728,
              46.943939
            ],
            [
              7.450728,
              46.943989
            ],
            [
              7.45066,
              46.943989
            ],
            [
              7.45066,
              46.943939
            ]
          ]
        ]
      }
    },
    {
      "type": "Feature",
      "id": "b-003-2-205",
      "properties": {
        "roomId": "b-003-2-205",
        "floorId": "b-003-2",
        "buildingId": "b-003",
        "nr": "205",
        "type": "Büro",
        "area": 26,
        "workspaces": 3,
        "groundElevation": 530.6,
        "baseHeight": 10.5,
        "topHeight": 14
      },
      "geometry": {
        "type": "Polygon",
        "coordinates": [
          [
            [
              7.450732,
              46.943939
            ],
            [
              7.450794,
              46.943939
            ],
            [
              7.450794,
              46.943989
            ],
            [
              7.450732,
              46.943989
            ],
            [
              7.450732,
              46.943939
            ]
          ]
        ]
      }
    },
    {
      "type": "Feature",
      "id": "b-003-2-211",
      "properties": {
        "roomId": "b-003-2-211",
        "floorId": "b-003-2",
        "buildingId": "b-003",
        "nr": "211",
        "type": "Büro",
        "area": 25,
        "workspaces": 3,
        "groundElevation": 530.6,
        "baseHeight": 10.5,
        "topHeight": 14
      },
      "geometry": {
        "type": "Polygon",
        "coordinates": [
          [
            [
              7.450798,
              46.943939
            ],
            [
              7.450858,
              46.943939
            ],
            [
              7.450858,
              46.943989
            ],
            [
              7.450798,
              46.943989
            ],
            [
              7.450798,
              46.943939
            ]
          ]
        ]
      }
    },
    {
      "type": "Feature",
      "id": "b-003-2-203",
      "properties": {
        "roomId": "b-003-2-203",
        "floorId": "b-003-2",
        "buildingId": "b-003",
        "nr": "203",
        "type": "Büro",
        "area": 22,
        "workspaces": 3,
        "groundElevation": 530.6,
        "baseHeight": 10.5,
        "topHeight": 14
      },
      "geometry": {
        "type": "Polygon",
        "coordinates": [
          [
            [
              7.450862,
              46.943939
            ],
            [
              7.450915,
              46.943939
            ],
            [
              7.450915,
              46.943989
            ],
            [
              7.450862,
              46.943989
            ],
            [
              7.450862,
              46.943939
            ]
          ]
        ]
      }
    },
    {
      "type": "Feature",
      "id": "b-003-2-204",
      "properties": {
        "roomId": "b-003-2-204",
        "floorId": "b-003-2",
        "buildingId": "b-003",
        "nr": "204",
        "type": "Büro",
        "area": 20,
        "workspaces": 2,
        "groundElevation": 530.6,
        "baseHeight": 10.5,
        "topHeight": 14
      },
      "geometry": {
        "type": "Polygon",
        "coordinates": [
          [
            [
              7.450919,
              46.943939
            ],
            [
              7.450966,
              46.943939
            ],
            [
              7.450966,
              46.943989
            ],
            [
              7.450919,
              46.943989
            ],
            [
              7.450919,
              46.943939
            ]
          ]
        ]
      }
    },
    {
      "type": "Feature",
      "id": "b-003-2-207",
      "properties": {
        "roomId": "b-003-2-207",
        "floorId": "b-003-2",
        "buildingId": "b-003",
        "nr": "207",
        "type": "Büro",
        "area": 18,
        "workspaces": 2,
        "groundElevation": 530.6,
        "baseHeight": 10.5,
        "topHeight": 14
      },
      "geometry": {
        "type": "Polygon",
        "coordinates": [
          [
            [
              7.45097,
              46.943939
            ],
            [
              7.451014,
              46.943939
            ],
            [
              7.451014,
              46.943989
            ],
            [
              7.45097,
              46.943989
            ],
            [
              7.45097,
              46.943939
            ]
          ]
        ]
      }
    },
    {
      "type": "Feature",
      "id": "b-003-2-213",
      "properties": {
        "roomId": "b-003-2-213",
        "floorId": "b-003-2",
        "buildingId": "b-003",
        "nr": "213",
        "type": "Sitzungszimmer",
        "area": 35,
        "workspaces": 0,
        "groundElevation": 530.6,
        "baseHeight": 10.5,
        "topHeight": 14
      },
      "geometry": {
        "type": "Polygon",
        "coordinates": [
          [
            [
              7.451018,
              46.943939
            ],
            [
              7.451101,
              46.943939
            ],
            [
              7.451101,
              46.943989
            ],
            [
              7.451018,
              46.943989
            ],
            [
              7.451018,
              46.943939
            ]
          ]
        ]
      }
    },
    {
      "type": "Feature",
      "id": "b-003-2-218",
      "properties": {
        "roomId": "b-003-2-218",
        "floorId": "b-003-2",
        "buildingId": "b-003",
        "nr": "218",
        "type": "WC",
        "area": 12,
        "workspaces": 0,
        "groundElevation": 530.6,
        "baseHeight": 10.5,
        "topHeight": 14
      },
      "geometry": {
        "type": "Polygon",
        "coordinates": [
          [
            [
              7.451105,
              46.943939
            ],
            [
              7.451134,
              46.943939
            ],
            [
              7.451134,
              46.943989
            ],
            [
              7.451105,
              46.943989
            ],
            [
              7.451105,
              46.943939
            ]
          ]
        ]
      }
    },
    {
      "type": "Feature",
      "id": "b-003-2-216",
      "properties": {
        "roomId": "b-003-2-216",
        "floorId": "b-003-2",
        "buildingId": "b-003",
        "nr": "216",
        "type": "Korridor",
        "area": 22,
        "workspaces": 0,
        "groundElevation": 530.6,
        "baseHeight": 10.5,
        "topHeight": 14
      },
      "geometry": {
        "type": "Polygon",
        "coordinates": [
          [
            [
              7.450585,
              46.943989
            ],
            [
              7.450701,
              46.943989
            ],
            [
              7.450701,
              46.944011
            ],
            [
              7.450585,
              46.944011
            ],
            [
              7.450585,
              46.943989
            ]
          ]
        ]
      }
    },
    {
      "type": "Feature",
      "id": "b-003-2-217",
      "properties": {
        "roomId": "b-003-2-217",
        "floorId": "b-003-2",
        "buildingId": "b-003",
        "nr": "217",
        "type": "Korridor",
        "area": 18,
        "workspaces": 0,
        "groundElevation": 530.6,
        "baseHeight": 10.5,
        "topHeight": 14
      },
      "geometry": {
        "type": "Polygon",
        "coordinates": [
          [
            [
              7.450705,
              46.943989
            ],
            [
              7.4508,
              46.943989
            ],
            [
              7.4508,
              46.944011
            ],
            [
              7.450705,
              46.944011
            ],
            [
              7.450705,
              46.943989
            ]
          ]
        ]
      }
    },
    {
      "type": "Feature",
      "id": "b-010-eg-EG01",
      "properties": {
        "roomId": "b-010-eg-EG01",
        "floorId": "b-010-eg",
        "buildingId": "b-010",
        "nr": "EG01",
        "type": "Empfang",
        "area": 30,
        "workspaces": 2,
        "groundElevation": 436.6,
        "baseHeight": 0,
        "topHeight": 3.5
      },
      "geometry": {
        "type": "Polygon",
        "coordinates": [
          [
            [
              8.527642,
              47.344011
            ],
            [
              8.527714,
              47.344011
            ],
            [
              8.527714,
              47.344061
            ],
            [
              8.527642,
              47.344061
            ],
            [
              8.527642,
              47.344011
            ]
          ]
        ]
      }
    },
    {
      "type": "Feature",
      "id": "b-010-eg-EG02",
      "properties": {
        "roomId": "b-010-eg-EG02",
        "floorId": "b-010-eg",
        "buildingId": "b-010",
        "nr": "EG02",
        "type": "Büro",
        "area": 22,
        "workspaces": 3,
        "groundElevation": 436.6,
        "baseHeight": 0,
        "topHeight": 3.5
      },
      "geometry": {
        "type": "Polygon",
        "coordinates": [
          [
            [
              8.527717,
              47.344011
            ],
            [
              8.52777,
              47.344011
            ],
            [
              8.52777,
              47.344061
            ],
            [
              8.527717,
              47.344061
            ],
            [
              8.527717,
              47.344011
            ]
          ]
        ]
      }
    },
    {
      "type": "Feature",
      "id": "b-010-eg-EG03",
      "properties": {
        "roomId": "b-010-eg-EG03",
        "floorId": "b-010-eg",
        "buildingId": "b-010",
        "nr": "EG03",
        "type": "Büro",
        "area": 18,
        "workspaces": 2,
        "groundElevation": 436.6,
        "baseHeight": 0,
        "topHeight": 3.5
      },
      "geometry": {
        "type": "Polygon",
        "coordinates": [
          [
            [
              8.527774,
              47.344011
            ],
            [
              8.527817,
              47.344011
            ],
            [
              8.527817,
              47.344061
            ],
            [
              8.527774,
              47.344061
            ],
            [
              8.527774,
              47.344011
            ]
          ]
        ]
      }
    },
    {
      "type": "Feature",
      "id": "b-010-eg-EG12",
      "properties": {
        "roomId": "b-010-eg-EG12",
        "floorId": "b-010-eg",
        "buildingId": "b-010",
        "nr": "EG12",
        "type": "Büro",
        "area": 14,
        "workspaces": 2,
        "groundElevation": 436.6,
        "baseHeight": 0,
        "topHeight": 3.5
      },
      "geometry": {
        "type": "Polygon",
        "coordinates": [
          [
            [
              8.527821,
              47.344011
            ],
            [
              8.527855,
              47.344011
            ],
            [
              8.527855,
              47.344061
            ],
            [
              8.527821,
              47.344061
            ],
            [
              8.527821,
              47.344011
            ]
          ]
        ]
      }
    },
    {
      "type": "Feature",
      "id": "b-010-eg-EG07",
      "properties": {
        "roomId": "b-010-eg-EG07",
        "floorId": "b-010-eg",
        "buildingId": "b-010",
        "nr": "EG07",
        "type": "Sitzungszimmer",
        "area": 22,
        "workspaces": 0,
        "groundElevation": 436.6,
        "baseHeight": 0,
        "topHeight": 3.5
      },
      "geometry": {
        "type": "Polygon",
        "coordinates": [
          [
            [
              8.527859,
              47.344011
            ],
            [
              8.527912,
              47.344011
            ],
            [
              8.527912,
              47.344061
            ],
            [
              8.527859,
              47.344061
            ],
            [
              8.527859,
              47.344011
            ]
          ]
        ]
      }
    },
    {
      "type": "Feature",
      "id": "b-010-eg-EG10",
      "properties": {
        "roomId": "b-010-eg-EG10",
        "floorId": "b-010-eg",
        "buildingId": "b-010",
        "nr": "EG10",
        "type": "WC",
        "area": 10,
        "workspaces": 0,
        "groundElevation": 436.6,
        "baseHeight": 0,
        "topHeight": 3.5
      },
      "geometry": {
        "type": "Polygon",
        "coordinates": [
          [
            [
              8.527916,
              47.344011
            ],
            [
              8.52794,
              47.344011
            ],
            [
              8.52794,
              47.344061
            ],
            [
              8.527916,
              47.344061
            ],
            [
              8.527916,
              47.344011
            ]
          ]
        ]
      }
    },
    {
      "type": "Feature",
      "id": "b-010-eg-EG11",
      "properties": {
        "roomId": "b-010-eg-EG11",
        "floorId": "b-010-eg",
        "buildingId": "b-010",
        "nr": "EG11",
        "type": "Büro",
        "area": 26,
        "workspaces": 4,
        "groundElevation": 436.6,
        "baseHeight": 0,
        "topHeight": 3.5
      },
      "geometry": {
        "type": "Polygon",
        "coordinates": [
          [
            [
              8.527642,
              47.343939
            ],
            [
              8.527704,
              47.343939
            ],
            [
              8.527704,
              47.343989
            ],
            [
              8.527642,
              47.343989
            ],
            [
              8.527642,
              47.343939
            ]
          ]
        ]
      }
    },
    {
      "type": "Feature",
      "id": "b-010-eg-EG04",
      "properties": {
        "roomId": "b-010-eg-EG04",
        "floorId": "b-010-eg",
        "buildingId": "b-010",
        "nr": "EG04",
        "type": "Büro",
        "area": 24,
        "workspaces": 3,
        "groundElevation": 436.6,
        "baseHeight": 0,
        "topHeight": 3.5
      },
      "geometry": {
        "type": "Polygon",
        "coordinates": [
          [
            [
              8.527708,
              47.343939
            ],
            [
              8.527765,
              47.343939
            ],
            [
              8.527765,
              47.343989
            ],
            [
              8.527708,
              47.343989
            ],
            [
              8.527708,
              47.343939
            ]
          ]
        ]
      }
    },
    {
      "type": "Feature",
      "id": "b-010-eg-EG05",
      "properties": {
        "roomId": "b-010-eg-EG05",
        "floorId": "b-010-eg",
        "buildingId": "b-010",
        "nr": "EG05",
        "type": "Büro",
        "area": 20,
        "workspaces": 2,
        "groundElevation": 436.6,
        "baseHeight": 0,
        "topHeight": 3.5
      },
      "geometry": {
        "type": "Polygon",
        "coordinates": [
          [
            [
              8.527769,
              47.343939
            ],
            [
              8.527817,
              47.343939
            ],
            [
              8.527817,
              47.343989
            ],
            [
              8.527769,
              47.343989
            ],
            [
              8.527769,
              47.343939
            ]
          ]
        ]
      }
    },
    {
      "type": "Feature",
      "id": "b-010-eg-EG06",
      "properties": {
        "roomId": "b-010-eg-EG06",
        "floorId": "b-010-eg",
        "buildingId": "b-010",
        "nr": "EG06",
        "type": "Sitzungszimmer",
        "area": 28,
        "workspaces": 0,
        "groundElevation": 436.6,
        "baseHeight": 0,
        "topHeight": 3.5
      },
      "geometry": {
        "type": "Polygon",
        "coordinates": [
          [
            [
              8.527821,
              47.343939
            ],
            [
              8.527888,
              47.343939
            ],
            [
              8.527888,
              47.343989
            ],
            [
              8.527821,
              47.343989
            ],
            [
              8.527821,
              47.343939
            ]
          ]
        ]
      }
    },
    {
      "type": "Feature",
      "id": "b-010-eg-EG08",
      "properties": {
        "roomId": "b-010-eg-EG08",
        "floorId": "b-010-eg",
        "buildingId": "b-010",
        "nr": "EG08",
        "type": "Teeküche",
        "area": 12,
        "workspaces": 0,
        "groundElevation": 436.6,
        "baseHeight": 0,
        "topHeight": 3.5
      },
      "geometry": {
        "type": "Polygon",
        "coordinates": [
          [
            [
              8.527892,
              47.343939
            ],
            [
              8.527921,
              47.343939
            ],
            [
              8.527921,
              47.343989
            ],
            [
              8.527892,
              47.343989
            ],
            [
              8.527892,
              47.343939
            ]
          ]
        ]
      }
    },
    {
      "type": "Feature",
      "id": "b-010-eg-EG09",
      "properties": {
        "roomId": "b-010-eg-EG09",
        "floorId": "b-010-eg",
        "buildingId": "b-010",
        "nr": "EG09",
        "type": "Korridor",
        "area": 20,
        "workspaces": 0,
        "groundElevation": 436.6,
        "baseHeight": 0,
        "topHeight": 3.5
      },
      "geometry": {
        "type": "Polygon",
        "coordinates": [
          [
            [
              8.527642,
              47.343989
            ],
            [
              8.527747,
              47.343989
            ],
            [
              8.527747,
              47.344011
            ],
            [
              8.527642,
              47.344011
            ],
            [
              8.527642,
              47.343989
            ]
          ]
        ]
      }
    },
    {
      "type": "Feature",
      "id": "b-010-1-103",
      "properties": {
        "roomId": "b-010-1-103",
        "floorId": "b-010-1",
        "buildingId": "b-010",
        "nr": "103",
        "type": "Büro",
        "area": 28,
        "workspaces": 4,
        "groundElevation": 436.6,
        "baseHeight": 3.5,
        "topHeight": 7
      },
      "geometry": {
        "type": "Polygon",
        "coordinates": [
          [
            [
              8.527642,
              47.344011
            ],
            [
              8.527709,
              47.344011
            ],
            [
              8.527709,
              47.344061
            ],
            [
              8.527642,
              47.344061
            ],
            [
              8.527642,
              47.344011
            ]
          ]
        ]
      }
    },
    {
      "type": "Feature",
      "id": "b-010-1-105",
      "properties": {
        "roomId": "b-010-1-105",
        "floorId": "b-010-1",
        "buildingId": "b-010",
        "nr": "105",
        "type": "Büro",
        "area": 22,
        "workspaces": 3,
        "groundElevation": 436.6,
        "baseHeight": 3.5,
        "topHeight": 7
      },
      "geometry": {
        "type": "Polygon",
        "coordinates": [
          [
            [
              8.527713,
              47.344011
            ],
            [
              8.527765,
              47.344011
            ],
            [
              8.527765,
              47.344061
            ],
            [
              8.527713,
              47.344061
            ],
            [
              8.527713,
              47.344011
            ]
          ]
        ]
      }
    },
    {
      "type": "Feature",
      "id": "b-010-1-114",
      "properties": {
        "roomId": "b-010-1-114",
        "floorId": "b-010-1",
        "buildingId": "b-010",
        "nr": "114",
        "type": "Büro",
        "area": 22,
        "workspaces": 3,
        "groundElevation": 436.6,
        "baseHeight": 3.5,
        "topHeight": 7
      },
      "geometry": {
        "type": "Polygon",
        "coordinates": [
          [
            [
              8.527769,
              47.344011
            ],
            [
              8.527822,
              47.344011
            ],
            [
              8.527822,
              47.344061
            ],
            [
              8.527769,
              47.344061
            ],
            [
              8.527769,
              47.344011
            ]
          ]
        ]
      }
    },
    {
      "type": "Feature",
      "id": "b-010-1-104",
      "properties": {
        "roomId": "b-010-1-104",
        "floorId": "b-010-1",
        "buildingId": "b-010",
        "nr": "104",
        "type": "Büro",
        "area": 18,
        "workspaces": 2,
        "groundElevation": 436.6,
        "baseHeight": 3.5,
        "topHeight": 7
      },
      "geometry": {
        "type": "Polygon",
        "coordinates": [
          [
            [
              8.527826,
              47.344011
            ],
            [
              8.527869,
              47.344011
            ],
            [
              8.527869,
              47.344061
            ],
            [
              8.527826,
              47.344061
            ],
            [
              8.527826,
              47.344011
            ]
          ]
        ]
      }
    },
    {
      "type": "Feature",
      "id": "b-010-1-106",
      "properties": {
        "roomId": "b-010-1-106",
        "floorId": "b-010-1",
        "buildingId": "b-010",
        "nr": "106",
        "type": "Büro",
        "area": 16,
        "workspaces": 2,
        "groundElevation": 436.6,
        "baseHeight": 3.5,
        "topHeight": 7
      },
      "geometry": {
        "type": "Polygon",
        "coordinates": [
          [
            [
              8.527873,
              47.344011
            ],
            [
              8.527912,
              47.344011
            ],
            [
              8.527912,
              47.344061
            ],
            [
              8.527873,
              47.344061
            ],
            [
              8.527873,
              47.344011
            ]
          ]
        ]
      }
    },
    {
      "type": "Feature",
      "id": "b-010-1-110",
      "properties": {
        "roomId": "b-010-1-110",
        "floorId": "b-010-1",
        "buildingId": "b-010",
        "nr": "110",
        "type": "Sitzungszimmer",
        "area": 22,
        "workspaces": 0,
        "groundElevation": 436.6,
        "baseHeight": 3.5,
        "topHeight": 7
      },
      "geometry": {
        "type": "Polygon",
        "coordinates": [
          [
            [
              8.527916,
              47.344011
            ],
            [
              8.527968,
              47.344011
            ],
            [
              8.527968,
              47.344061
            ],
            [
              8.527916,
              47.344061
            ],
            [
              8.527916,
              47.344011
            ]
          ]
        ]
      }
    },
    {
      "type": "Feature",
      "id": "b-010-1-113",
      "properties": {
        "roomId": "b-010-1-113",
        "floorId": "b-010-1",
        "buildingId": "b-010",
        "nr": "113",
        "type": "WC",
        "area": 10,
        "workspaces": 0,
        "groundElevation": 436.6,
        "baseHeight": 3.5,
        "topHeight": 7
      },
      "geometry": {
        "type": "Polygon",
        "coordinates": [
          [
            [
              8.527972,
              47.344011
            ],
            [
              8.527996,
              47.344011
            ],
            [
              8.527996,
              47.344061
            ],
            [
              8.527972,
              47.344061
            ],
            [
              8.527972,
              47.344011
            ]
          ]
        ]
      }
    },
    {
      "type": "Feature",
      "id": "b-010-1-107",
      "properties": {
        "roomId": "b-010-1-107",
        "floorId": "b-010-1",
        "buildingId": "b-010",
        "nr": "107",
        "type": "Büro",
        "area": 26,
        "workspaces": 3,
        "groundElevation": 436.6,
        "baseHeight": 3.5,
        "topHeight": 7
      },
      "geometry": {
        "type": "Polygon",
        "coordinates": [
          [
            [
              8.527642,
              47.343939
            ],
            [
              8.527704,
              47.343939
            ],
            [
              8.527704,
              47.343989
            ],
            [
              8.527642,
              47.343989
            ],
            [
              8.527642,
              47.343939
            ]
          ]
        ]
      }
    },
    {
      "type": "Feature",
      "id": "b-010-1-101",
      "properties": {
        "roomId": "b-010-1-101",
        "floorId": "b-010-1",
        "buildingId": "b-010",
        "nr": "101",
        "type": "Büro",
        "area": 24,
        "workspaces": 3,
        "groundElevation": 436.6,
        "baseHeight": 3.5,
        "topHeight": 7
      },
      "geometry": {
        "type": "Polygon",
        "coordinates": [
          [
            [
              8.527708,
              47.343939
            ],
            [
              8.527765,
              47.343939
            ],
            [
              8.527765,
              47.343989
            ],
            [
              8.527708,
              47.343989
            ],
            [
              8.527708,
              47.343939
            ]
          ]
        ]
      }
    },
    {
      "type": "Feature",
      "id": "b-010-1-102",
      "properties": {
        "roomId": "b-010-1-102",
        "floorId": "b-010-1",
        "buildingId": "b-010",
        "nr": "102",
        "type": "Büro",
        "area": 20,
        "workspaces": 2,
        "groundElevation": 436.6,
        "baseHeight": 3.5,
        "topHeight": 7
      },
      "geometry": {
        "type": "Polygon",
        "coordinates": [
          [
            [
              8.527769,
              47.343939
            ],
            [
              8.527817,
              47.343939
            ],
            [
              8.527817,
              47.343989
            ],
            [
              8.527769,
              47.343989
            ],
            [
              8.527769,
              47.343939
            ]
          ]
        ]
      }
    },
    {
      "type": "Feature",
      "id": "b-010-1-108",
      "properties": {
        "roomId": "b-010-1-108",
        "floorId": "b-010-1",
        "buildingId": "b-010",
        "nr": "108",
        "type": "Büro",
        "area": 20,
        "workspaces": 2,
        "groundElevation": 436.6,
        "baseHeight": 3.5,
        "topHeight": 7
      },
      "geometry": {
        "type": "Polygon",
        "coordinates": [
          [
            [
              8.527821,
              47.343939
            ],
            [
              8.527869,
              47.343939
            ],
            [
              8.527869,
              47.343989
            ],
            [
              8.527821,
              47.343989
            ],
            [
              8.527821,
              47.343939
            ]
          ]
        ]
      }
    },
    {
      "type": "Feature",
      "id": "b-010-1-109",
      "properties": {
        "roomId": "b-010-1-109",
        "floorId": "b-010-1",
        "buildingId": "b-010",
        "nr": "109",
        "type": "Sitzungszimmer",
        "area": 30,
        "workspaces": 0,
        "groundElevation": 436.6,
        "baseHeight": 3.5,
        "topHeight": 7
      },
      "geometry": {
        "type": "Polygon",
        "coordinates": [
          [
            [
              8.527873,
              47.343939
            ],
            [
              8.527945,
              47.343939
            ],
            [
              8.527945,
              47.343989
            ],
            [
              8.527873,
              47.343989
            ],
            [
              8.527873,
              47.343939
            ]
          ]
        ]
      }
    },
    {
      "type": "Feature",
      "id": "b-010-1-111",
      "properties": {
        "roomId": "b-010-1-111",
        "floorId": "b-010-1",
        "buildingId": "b-010",
        "nr": "111",
        "type": "Teeküche",
        "area": 12,
        "workspaces": 0,
        "groundElevation": 436.6,
        "baseHeight": 3.5,
        "topHeight": 7
      },
      "geometry": {
        "type": "Polygon",
        "coordinates": [
          [
            [
              8.527949,
              47.343939
            ],
            [
              8.527978,
              47.343939
            ],
            [
              8.527978,
              47.343989
            ],
            [
              8.527949,
              47.343989
            ],
            [
              8.527949,
              47.343939
            ]
          ]
        ]
      }
    },
    {
      "type": "Feature",
      "id": "b-010-1-112",
      "properties": {
        "roomId": "b-010-1-112",
        "floorId": "b-010-1",
        "buildingId": "b-010",
        "nr": "112",
        "type": "Korridor",
        "area": 22,
        "workspaces": 0,
        "groundElevation": 436.6,
        "baseHeight": 3.5,
        "topHeight": 7
      },
      "geometry": {
        "type": "Polygon",
        "coordinates": [
          [
            [
              8.527642,
              47.343989
            ],
            [
              8.527758,
              47.343989
            ],
            [
              8.527758,
              47.344011
            ],
            [
              8.527642,
              47.344011
            ],
            [
              8.527642,
              47.343989
            ]
          ]
        ]
      }
    },
    {
      "type": "Feature",
      "id": "b-010-2-207",
      "properties": {
        "roomId": "b-010-2-207",
        "floorId": "b-010-2",
        "buildingId": "b-010",
        "nr": "207",
        "type": "Büro",
        "area": 28,
        "workspaces": 4,
        "groundElevation": 436.6,
        "baseHeight": 7,
        "topHeight": 10.5
      },
      "geometry": {
        "type": "Polygon",
        "coordinates": [
          [
            [
              8.527642,
              47.344011
            ],
            [
              8.527709,
              47.344011
            ],
            [
              8.527709,
              47.344061
            ],
            [
              8.527642,
              47.344061
            ],
            [
              8.527642,
              47.344011
            ]
          ]
        ]
      }
    },
    {
      "type": "Feature",
      "id": "b-010-2-205",
      "properties": {
        "roomId": "b-010-2-205",
        "floorId": "b-010-2",
        "buildingId": "b-010",
        "nr": "205",
        "type": "Büro",
        "area": 22,
        "workspaces": 3,
        "groundElevation": 436.6,
        "baseHeight": 7,
        "topHeight": 10.5
      },
      "geometry": {
        "type": "Polygon",
        "coordinates": [
          [
            [
              8.527713,
              47.344011
            ],
            [
              8.527765,
              47.344011
            ],
            [
              8.527765,
              47.344061
            ],
            [
              8.527713,
              47.344061
            ],
            [
              8.527713,
              47.344011
            ]
          ]
        ]
      }
    },
    {
      "type": "Feature",
      "id": "b-010-2-213",
      "properties": {
        "roomId": "b-010-2-213",
        "floorId": "b-010-2",
        "buildingId": "b-010",
        "nr": "213",
        "type": "Büro",
        "area": 22,
        "workspaces": 3,
        "groundElevation": 436.6,
        "baseHeight": 7,
        "topHeight": 10.5
      },
      "geometry": {
        "type": "Polygon",
        "coordinates": [
          [
            [
              8.527769,
              47.344011
            ],
            [
              8.527822,
              47.344011
            ],
            [
              8.527822,
              47.344061
            ],
            [
              8.527769,
              47.344061
            ],
            [
              8.527769,
              47.344011
            ]
          ]
        ]
      }
    },
    {
      "type": "Feature",
      "id": "b-010-2-206",
      "properties": {
        "roomId": "b-010-2-206",
        "floorId": "b-010-2",
        "buildingId": "b-010",
        "nr": "206",
        "type": "Büro",
        "area": 16,
        "workspaces": 2,
        "groundElevation": 436.6,
        "baseHeight": 7,
        "topHeight": 10.5
      },
      "geometry": {
        "type": "Polygon",
        "coordinates": [
          [
            [
              8.527826,
              47.344011
            ],
            [
              8.527864,
              47.344011
            ],
            [
              8.527864,
              47.344061
            ],
            [
              8.527826,
              47.344061
            ],
            [
              8.527826,
              47.344011
            ]
          ]
        ]
      }
    },
    {
      "type": "Feature",
      "id": "b-010-2-208",
      "properties": {
        "roomId": "b-010-2-208",
        "floorId": "b-010-2",
        "buildingId": "b-010",
        "nr": "208",
        "type": "Sitzungszimmer",
        "area": 30,
        "workspaces": 0,
        "groundElevation": 436.6,
        "baseHeight": 7,
        "topHeight": 10.5
      },
      "geometry": {
        "type": "Polygon",
        "coordinates": [
          [
            [
              8.527868,
              47.344011
            ],
            [
              8.52794,
              47.344011
            ],
            [
              8.52794,
              47.344061
            ],
            [
              8.527868,
              47.344061
            ],
            [
              8.527868,
              47.344011
            ]
          ]
        ]
      }
    },
    {
      "type": "Feature",
      "id": "b-010-2-212",
      "properties": {
        "roomId": "b-010-2-212",
        "floorId": "b-010-2",
        "buildingId": "b-010",
        "nr": "212",
        "type": "WC",
        "area": 10,
        "workspaces": 0,
        "groundElevation": 436.6,
        "baseHeight": 7,
        "topHeight": 10.5
      },
      "geometry": {
        "type": "Polygon",
        "coordinates": [
          [
            [
              8.527944,
              47.344011
            ],
            [
              8.527968,
              47.344011
            ],
            [
              8.527968,
              47.344061
            ],
            [
              8.527944,
              47.344061
            ],
            [
              8.527944,
              47.344011
            ]
          ]
        ]
      }
    },
    {
      "type": "Feature",
      "id": "b-010-2-203",
      "properties": {
        "roomId": "b-010-2-203",
        "floorId": "b-010-2",
        "buildingId": "b-010",
        "nr": "203",
        "type": "Büro",
        "area": 26,
        "workspaces": 3,
        "groundElevation": 436.6,
        "baseHeight": 7,
        "topHeight": 10.5
      },
      "geometry": {
        "type": "Polygon",
        "coordinates": [
          [
            [
              8.527642,
              47.343939
            ],
            [
              8.527704,
              47.343939
            ],
            [
              8.527704,
              47.343989
            ],
            [
              8.527642,
              47.343989
            ],
            [
              8.527642,
              47.343939
            ]
          ]
        ]
      }
    },
    {
      "type": "Feature",
      "id": "b-010-2-201",
      "properties": {
        "roomId": "b-010-2-201",
        "floorId": "b-010-2",
        "buildingId": "b-010",
        "nr": "201",
        "type": "Büro",
        "area": 24,
        "workspaces": 3,
        "groundElevation": 436.6,
        "baseHeight": 7,
        "topHeight": 10.5
      },
      "geometry": {
        "type": "Polygon",
        "coordinates": [
          [
            [
              8.527708,
              47.343939
            ],
            [
              8.527765,
              47.343939
            ],
            [
              8.527765,
              47.343989
            ],
            [
              8.527708,
              47.343989
            ],
            [
              8.527708,
              47.343939
            ]
          ]
        ]
      }
    },
    {
      "type": "Feature",
      "id": "b-010-2-202",
      "properties": {
        "roomId": "b-010-2-202",
        "floorId": "b-010-2",
        "buildingId": "b-010",
        "nr": "202",
        "type": "Büro",
        "area": 20,
        "workspaces": 2,
        "groundElevation": 436.6,
        "baseHeight": 7,
        "topHeight": 10.5
      },
      "geometry": {
        "type": "Polygon",
        "coordinates": [
          [
            [
              8.527769,
              47.343939
            ],
            [
              8.527817,
              47.343939
            ],
            [
              8.527817,
              47.343989
            ],
            [
              8.527769,
              47.343989
            ],
            [
              8.527769,
              47.343939
            ]
          ]
        ]
      }
    },
    {
      "type": "Feature",
      "id": "b-010-2-204",
      "properties": {
        "roomId": "b-010-2-204",
        "floorId": "b-010-2",
        "buildingId": "b-010",
        "nr": "204",
        "type": "Büro",
        "area": 18,
        "workspaces": 2,
        "groundElevation": 436.6,
        "baseHeight": 7,
        "topHeight": 10.5
      },
      "geometry": {
        "type": "Polygon",
        "coordinates": [
          [
            [
              8.527821,
              47.343939
            ],
            [
              8.527864,
              47.343939
            ],
            [
              8.527864,
              47.343989
            ],
            [
              8.527821,
              47.343989
            ],
            [
              8.527821,
              47.343939
            ]
          ]
        ]
      }
    },
    {
      "type": "Feature",
      "id": "b-010-2-209",
      "properties": {
        "roomId": "b-010-2-209",
        "floorId": "b-010-2",
        "buildingId": "b-010",
        "nr": "209",
        "type": "Sitzungszimmer",
        "area": 22,
        "workspaces": 0,
        "groundElevation": 436.6,
        "baseHeight": 7,
        "topHeight": 10.5
      },
      "geometry": {
        "type": "Polygon",
        "coordinates": [
          [
            [
              8.527868,
              47.343939
            ],
            [
              8.527921,
              47.343939
            ],
            [
              8.527921,
              47.343989
            ],
            [
              8.527868,
              47.343989
            ],
            [
              8.527868,
              47.343939
            ]
          ]
        ]
      }
    },
    {
      "type": "Feature",
      "id": "b-010-2-210",
      "properties": {
        "roomId": "b-010-2-210",
        "floorId": "b-010-2",
        "buildingId": "b-010",
        "nr": "210",
        "type": "Teeküche",
        "area": 12,
        "workspaces": 0,
        "groundElevation": 436.6,
        "baseHeight": 7,
        "topHeight": 10.5
      },
      "geometry": {
        "type": "Polygon",
        "coordinates": [
          [
            [
              8.527925,
              47.343939
            ],
            [
              8.527954,
              47.343939
            ],
            [
              8.527954,
              47.343989
            ],
            [
              8.527925,
              47.343989
            ],
            [
              8.527925,
              47.343939
            ]
          ]
        ]
      }
    },
    {
      "type": "Feature",
      "id": "b-010-2-211",
      "properties": {
        "roomId": "b-010-2-211",
        "floorId": "b-010-2",
        "buildingId": "b-010",
        "nr": "211",
        "type": "Korridor",
        "area": 20,
        "workspaces": 0,
        "groundElevation": 436.6,
        "baseHeight": 7,
        "topHeight": 10.5
      },
      "geometry": {
        "type": "Polygon",
        "coordinates": [
          [
            [
              8.527642,
              47.343989
            ],
            [
              8.527747,
              47.343989
            ],
            [
              8.527747,
              47.344011
            ],
            [
              8.527642,
              47.344011
            ],
            [
              8.527642,
              47.343989
            ]
          ]
        ]
      }
    },
    {
      "type": "Feature",
      "id": "b-011-eg-EG02",
      "properties": {
        "roomId": "b-011-eg-EG02",
        "floorId": "b-011-eg",
        "buildingId": "b-011",
        "nr": "EG02",
        "type": "Open Space",
        "area": 75,
        "workspaces": 4,
        "groundElevation": 402.8,
        "baseHeight": 0,
        "topHeight": 3.5
      },
      "geometry": {
        "type": "Polygon",
        "coordinates": [
          [
            [
              8.516488,
              47.389011
            ],
            [
              8.516667,
              47.389011
            ],
            [
              8.516667,
              47.389061
            ],
            [
              8.516488,
              47.389061
            ],
            [
              8.516488,
              47.389011
            ]
          ]
        ]
      }
    },
    {
      "type": "Feature",
      "id": "b-011-eg-EG03",
      "properties": {
        "roomId": "b-011-eg-EG03",
        "floorId": "b-011-eg",
        "buildingId": "b-011",
        "nr": "EG03",
        "type": "Sitzungszimmer",
        "area": 40,
        "workspaces": 0,
        "groundElevation": 402.8,
        "baseHeight": 0,
        "topHeight": 3.5
      },
      "geometry": {
        "type": "Polygon",
        "coordinates": [
          [
            [
              8.516671,
              47.389011
            ],
            [
              8.516767,
              47.389011
            ],
            [
              8.516767,
              47.389061
            ],
            [
              8.516671,
              47.389061
            ],
            [
              8.516671,
              47.389011
            ]
          ]
        ]
      }
    },
    {
      "type": "Feature",
      "id": "b-011-eg-EG08",
      "properties": {
        "roomId": "b-011-eg-EG08",
        "floorId": "b-011-eg",
        "buildingId": "b-011",
        "nr": "EG08",
        "type": "WC",
        "area": 14,
        "workspaces": 0,
        "groundElevation": 402.8,
        "baseHeight": 0,
        "topHeight": 3.5
      },
      "geometry": {
        "type": "Polygon",
        "coordinates": [
          [
            [
              8.516771,
              47.389011
            ],
            [
              8.516805,
              47.389011
            ],
            [
              8.516805,
              47.389061
            ],
            [
              8.516771,
              47.389061
            ],
            [
              8.516771,
              47.389011
            ]
          ]
        ]
      }
    },
    {
      "type": "Feature",
      "id": "b-011-eg-EG01",
      "properties": {
        "roomId": "b-011-eg-EG01",
        "floorId": "b-011-eg",
        "buildingId": "b-011",
        "nr": "EG01",
        "type": "Empfang",
        "area": 50,
        "workspaces": 2,
        "groundElevation": 402.8,
        "baseHeight": 0,
        "topHeight": 3.5
      },
      "geometry": {
        "type": "Polygon",
        "coordinates": [
          [
            [
              8.516488,
              47.388939
            ],
            [
              8.516607,
              47.388939
            ],
            [
              8.516607,
              47.388989
            ],
            [
              8.516488,
              47.388989
            ],
            [
              8.516488,
              47.388939
            ]
          ]
        ]
      }
    },
    {
      "type": "Feature",
      "id": "b-011-eg-EG05",
      "properties": {
        "roomId": "b-011-eg-EG05",
        "floorId": "b-011-eg",
        "buildingId": "b-011",
        "nr": "EG05",
        "type": "Büro",
        "area": 28,
        "workspaces": 4,
        "groundElevation": 402.8,
        "baseHeight": 0,
        "topHeight": 3.5
      },
      "geometry": {
        "type": "Polygon",
        "coordinates": [
          [
            [
              8.516611,
              47.388939
            ],
            [
              8.516679,
              47.388939
            ],
            [
              8.516679,
              47.388989
            ],
            [
              8.516611,
              47.388989
            ],
            [
              8.516611,
              47.388939
            ]
          ]
        ]
      }
    },
    {
      "type": "Feature",
      "id": "b-011-eg-EG04",
      "properties": {
        "roomId": "b-011-eg-EG04",
        "floorId": "b-011-eg",
        "buildingId": "b-011",
        "nr": "EG04",
        "type": "Sitzungszimmer",
        "area": 30,
        "workspaces": 0,
        "groundElevation": 402.8,
        "baseHeight": 0,
        "topHeight": 3.5
      },
      "geometry": {
        "type": "Polygon",
        "coordinates": [
          [
            [
              8.516683,
              47.388939
            ],
            [
              8.516754,
              47.388939
            ],
            [
              8.516754,
              47.388989
            ],
            [
              8.516683,
              47.388989
            ],
            [
              8.516683,
              47.388939
            ]
          ]
        ]
      }
    },
    {
      "type": "Feature",
      "id": "b-011-eg-EG06",
      "properties": {
        "roomId": "b-011-eg-EG06",
        "floorId": "b-011-eg",
        "buildingId": "b-011",
        "nr": "EG06",
        "type": "Teeküche",
        "area": 16,
        "workspaces": 0,
        "groundElevation": 402.8,
        "baseHeight": 0,
        "topHeight": 3.5
      },
      "geometry": {
        "type": "Polygon",
        "coordinates": [
          [
            [
              8.516758,
              47.388939
            ],
            [
              8.516797,
              47.388939
            ],
            [
              8.516797,
              47.388989
            ],
            [
              8.516758,
              47.388989
            ],
            [
              8.516758,
              47.388939
            ]
          ]
        ]
      }
    },
    {
      "type": "Feature",
      "id": "b-011-eg-EG07",
      "properties": {
        "roomId": "b-011-eg-EG07",
        "floorId": "b-011-eg",
        "buildingId": "b-011",
        "nr": "EG07",
        "type": "Korridor",
        "area": 28,
        "workspaces": 0,
        "groundElevation": 402.8,
        "baseHeight": 0,
        "topHeight": 3.5
      },
      "geometry": {
        "type": "Polygon",
        "coordinates": [
          [
            [
              8.516488,
              47.388989
            ],
            [
              8.516635,
              47.388989
            ],
            [
              8.516635,
              47.389011
            ],
            [
              8.516488,
              47.389011
            ],
            [
              8.516488,
              47.388989
            ]
          ]
        ]
      }
    },
    {
      "type": "Feature",
      "id": "b-011-1-101",
      "properties": {
        "roomId": "b-011-1-101",
        "floorId": "b-011-1",
        "buildingId": "b-011",
        "nr": "101",
        "type": "Open Space",
        "area": 70,
        "workspaces": 6,
        "groundElevation": 402.8,
        "baseHeight": 3.5,
        "topHeight": 7
      },
      "geometry": {
        "type": "Polygon",
        "coordinates": [
          [
            [
              8.516488,
              47.389011
            ],
            [
              8.516655,
              47.389011
            ],
            [
              8.516655,
              47.389061
            ],
            [
              8.516488,
              47.389061
            ],
            [
              8.516488,
              47.389011
            ]
          ]
        ]
      }
    },
    {
      "type": "Feature",
      "id": "b-011-1-105",
      "properties": {
        "roomId": "b-011-1-105",
        "floorId": "b-011-1",
        "buildingId": "b-011",
        "nr": "105",
        "type": "Sitzungszimmer",
        "area": 35,
        "workspaces": 0,
        "groundElevation": 402.8,
        "baseHeight": 3.5,
        "topHeight": 7
      },
      "geometry": {
        "type": "Polygon",
        "coordinates": [
          [
            [
              8.516659,
              47.389011
            ],
            [
              8.516743,
              47.389011
            ],
            [
              8.516743,
              47.389061
            ],
            [
              8.516659,
              47.389061
            ],
            [
              8.516659,
              47.389011
            ]
          ]
        ]
      }
    },
    {
      "type": "Feature",
      "id": "b-011-1-107",
      "properties": {
        "roomId": "b-011-1-107",
        "floorId": "b-011-1",
        "buildingId": "b-011",
        "nr": "107",
        "type": "Teeküche",
        "area": 15,
        "workspaces": 0,
        "groundElevation": 402.8,
        "baseHeight": 3.5,
        "topHeight": 7
      },
      "geometry": {
        "type": "Polygon",
        "coordinates": [
          [
            [
              8.516747,
              47.389011
            ],
            [
              8.516783,
              47.389011
            ],
            [
              8.516783,
              47.389061
            ],
            [
              8.516747,
              47.389061
            ],
            [
              8.516747,
              47.389011
            ]
          ]
        ]
      }
    },
    {
      "type": "Feature",
      "id": "b-011-1-110",
      "properties": {
        "roomId": "b-011-1-110",
        "floorId": "b-011-1",
        "buildingId": "b-011",
        "nr": "110",
        "type": "Lager",
        "area": 10,
        "workspaces": 0,
        "groundElevation": 402.8,
        "baseHeight": 3.5,
        "topHeight": 7
      },
      "geometry": {
        "type": "Polygon",
        "coordinates": [
          [
            [
              8.516787,
              47.389011
            ],
            [
              8.516811,
              47.389011
            ],
            [
              8.516811,
              47.389061
            ],
            [
              8.516787,
              47.389061
            ],
            [
              8.516787,
              47.389011
            ]
          ]
        ]
      }
    },
    {
      "type": "Feature",
      "id": "b-011-1-102",
      "properties": {
        "roomId": "b-011-1-102",
        "floorId": "b-011-1",
        "buildingId": "b-011",
        "nr": "102",
        "type": "Büro",
        "area": 24,
        "workspaces": 3,
        "groundElevation": 402.8,
        "baseHeight": 3.5,
        "topHeight": 7
      },
      "geometry": {
        "type": "Polygon",
        "coordinates": [
          [
            [
              8.516488,
              47.388939
            ],
            [
              8.516545,
              47.388939
            ],
            [
              8.516545,
              47.388989
            ],
            [
              8.516488,
              47.388989
            ],
            [
              8.516488,
              47.388939
            ]
          ]
        ]
      }
    },
    {
      "type": "Feature",
      "id": "b-011-1-103",
      "properties": {
        "roomId": "b-011-1-103",
        "floorId": "b-011-1",
        "buildingId": "b-011",
        "nr": "103",
        "type": "Büro",
        "area": 20,
        "workspaces": 3,
        "groundElevation": 402.8,
        "baseHeight": 3.5,
        "topHeight": 7
      },
      "geometry": {
        "type": "Polygon",
        "coordinates": [
          [
            [
              8.516549,
              47.388939
            ],
            [
              8.516597,
              47.388939
            ],
            [
              8.516597,
              47.388989
            ],
            [
              8.516549,
              47.388989
            ],
            [
              8.516549,
              47.388939
            ]
          ]
        ]
      }
    },
    {
      "type": "Feature",
      "id": "b-011-1-104",
      "properties": {
        "roomId": "b-011-1-104",
        "floorId": "b-011-1",
        "buildingId": "b-011",
        "nr": "104",
        "type": "Sitzungszimmer",
        "area": 42,
        "workspaces": 0,
        "groundElevation": 402.8,
        "baseHeight": 3.5,
        "topHeight": 7
      },
      "geometry": {
        "type": "Polygon",
        "coordinates": [
          [
            [
              8.516601,
              47.388939
            ],
            [
              8.516702,
              47.388939
            ],
            [
              8.516702,
              47.388989
            ],
            [
              8.516601,
              47.388989
            ],
            [
              8.516601,
              47.388939
            ]
          ]
        ]
      }
    },
    {
      "type": "Feature",
      "id": "b-011-1-106",
      "properties": {
        "roomId": "b-011-1-106",
        "floorId": "b-011-1",
        "buildingId": "b-011",
        "nr": "106",
        "type": "Sitzungszimmer",
        "area": 28,
        "workspaces": 0,
        "groundElevation": 402.8,
        "baseHeight": 3.5,
        "topHeight": 7
      },
      "geometry": {
        "type": "Polygon",
        "coordinates": [
          [
            [
              8.516706,
              47.388939
            ],
            [
              8.516773,
              47.388939
            ],
            [
              8.516773,
              47.388989
            ],
            [
              8.516706,
              47.388989
            ],
            [
              8.516706,
              47.388939
            ]
          ]
        ]
      }
    },
    {
      "type": "Feature",
      "id": "b-011-1-109",
      "properties": {
        "roomId": "b-011-1-109",
        "floorId": "b-011-1",
        "buildingId": "b-011",
        "nr": "109",
        "type": "WC",
        "area": 12,
        "workspaces": 0,
        "groundElevation": 402.8,
        "baseHeight": 3.5,
        "topHeight": 7
      },
      "geometry": {
        "type": "Polygon",
        "coordinates": [
          [
            [
              8.516777,
              47.388939
            ],
            [
              8.516806,
              47.388939
            ],
            [
              8.516806,
              47.388989
            ],
            [
              8.516777,
              47.388989
            ],
            [
              8.516777,
              47.388939
            ]
          ]
        ]
      }
    },
    {
      "type": "Feature",
      "id": "b-011-1-108",
      "properties": {
        "roomId": "b-011-1-108",
        "floorId": "b-011-1",
        "buildingId": "b-011",
        "nr": "108",
        "type": "Korridor",
        "area": 25,
        "workspaces": 0,
        "groundElevation": 402.8,
        "baseHeight": 3.5,
        "topHeight": 7
      },
      "geometry": {
        "type": "Polygon",
        "coordinates": [
          [
            [
              8.516488,
              47.388989
            ],
            [
              8.516619,
              47.388989
            ],
            [
              8.516619,
              47.389011
            ],
            [
              8.516488,
              47.389011
            ],
            [
              8.516488,
              47.388989
            ]
          ]
        ]
      }
    },
    {
      "type": "Feature",
      "id": "b-020-eg-EG07",
      "properties": {
        "roomId": "b-020-eg-EG07",
        "floorId": "b-020-eg",
        "buildingId": "b-020",
        "nr": "EG07",
        "type": "Open Space",
        "area": 45,
        "workspaces": 4,
        "groundElevation": 277.8,
        "baseHeight": 0,
        "topHeight": 3.5
      },
      "geometry": {
        "type": "Polygon",
        "coordinates": [
          [
            [
              7.588222,
              47.550011
            ],
            [
              7.58833,
              47.550011
            ],
            [
              7.58833,
              47.550061
            ],
            [
              7.588222,
              47.550061
            ],
            [
              7.588222,
              47.550011
            ]
          ]
        ]
      }
    },
    {
      "type": "Feature",
      "id": "b-020-eg-EG02",
      "properties": {
        "roomId": "b-020-eg-EG02",
        "floorId": "b-020-eg",
        "buildingId": "b-020",
        "nr": "EG02",
        "type": "Büro",
        "area": 22,
        "workspaces": 3,
        "groundElevation": 277.8,
        "baseHeight": 0,
        "topHeight": 3.5
      },
      "geometry": {
        "type": "Polygon",
        "coordinates": [
          [
            [
              7.588333,
              47.550011
            ],
            [
              7.588386,
              47.550011
            ],
            [
              7.588386,
              47.550061
            ],
            [
              7.588333,
              47.550061
            ],
            [
              7.588333,
              47.550011
            ]
          ]
        ]
      }
    },
    {
      "type": "Feature",
      "id": "b-020-eg-EG03",
      "properties": {
        "roomId": "b-020-eg-EG03",
        "floorId": "b-020-eg",
        "buildingId": "b-020",
        "nr": "EG03",
        "type": "Büro",
        "area": 18,
        "workspaces": 2,
        "groundElevation": 277.8,
        "baseHeight": 0,
        "topHeight": 3.5
      },
      "geometry": {
        "type": "Polygon",
        "coordinates": [
          [
            [
              7.58839,
              47.550011
            ],
            [
              7.588433,
              47.550011
            ],
            [
              7.588433,
              47.550061
            ],
            [
              7.58839,
              47.550061
            ],
            [
              7.58839,
              47.550011
            ]
          ]
        ]
      }
    },
    {
      "type": "Feature",
      "id": "b-020-eg-EG14",
      "properties": {
        "roomId": "b-020-eg-EG14",
        "floorId": "b-020-eg",
        "buildingId": "b-020",
        "nr": "EG14",
        "type": "Büro",
        "area": 14,
        "workspaces": 2,
        "groundElevation": 277.8,
        "baseHeight": 0,
        "topHeight": 3.5
      },
      "geometry": {
        "type": "Polygon",
        "coordinates": [
          [
            [
              7.588437,
              47.550011
            ],
            [
              7.588471,
              47.550011
            ],
            [
              7.588471,
              47.550061
            ],
            [
              7.588437,
              47.550061
            ],
            [
              7.588437,
              47.550011
            ]
          ]
        ]
      }
    },
    {
      "type": "Feature",
      "id": "b-020-eg-EG09",
      "properties": {
        "roomId": "b-020-eg-EG09",
        "floorId": "b-020-eg",
        "buildingId": "b-020",
        "nr": "EG09",
        "type": "Sitzungszimmer",
        "area": 22,
        "workspaces": 0,
        "groundElevation": 277.8,
        "baseHeight": 0,
        "topHeight": 3.5
      },
      "geometry": {
        "type": "Polygon",
        "coordinates": [
          [
            [
              7.588475,
              47.550011
            ],
            [
              7.588528,
              47.550011
            ],
            [
              7.588528,
              47.550061
            ],
            [
              7.588475,
              47.550061
            ],
            [
              7.588475,
              47.550011
            ]
          ]
        ]
      }
    },
    {
      "type": "Feature",
      "id": "b-020-eg-EG13",
      "properties": {
        "roomId": "b-020-eg-EG13",
        "floorId": "b-020-eg",
        "buildingId": "b-020",
        "nr": "EG13",
        "type": "WC",
        "area": 10,
        "workspaces": 0,
        "groundElevation": 277.8,
        "baseHeight": 0,
        "topHeight": 3.5
      },
      "geometry": {
        "type": "Polygon",
        "coordinates": [
          [
            [
              7.588532,
              47.550011
            ],
            [
              7.588556,
              47.550011
            ],
            [
              7.588556,
              47.550061
            ],
            [
              7.588532,
              47.550061
            ],
            [
              7.588532,
              47.550011
            ]
          ]
        ]
      }
    },
    {
      "type": "Feature",
      "id": "b-020-eg-EG01",
      "properties": {
        "roomId": "b-020-eg-EG01",
        "floorId": "b-020-eg",
        "buildingId": "b-020",
        "nr": "EG01",
        "type": "Empfang",
        "area": 30,
        "workspaces": 2,
        "groundElevation": 277.8,
        "baseHeight": 0,
        "topHeight": 3.5
      },
      "geometry": {
        "type": "Polygon",
        "coordinates": [
          [
            [
              7.588222,
              47.549939
            ],
            [
              7.588294,
              47.549939
            ],
            [
              7.588294,
              47.549989
            ],
            [
              7.588222,
              47.549989
            ],
            [
              7.588222,
              47.549939
            ]
          ]
        ]
      }
    },
    {
      "type": "Feature",
      "id": "b-020-eg-EG04",
      "properties": {
        "roomId": "b-020-eg-EG04",
        "floorId": "b-020-eg",
        "buildingId": "b-020",
        "nr": "EG04",
        "type": "Büro",
        "area": 24,
        "workspaces": 3,
        "groundElevation": 277.8,
        "baseHeight": 0,
        "topHeight": 3.5
      },
      "geometry": {
        "type": "Polygon",
        "coordinates": [
          [
            [
              7.588297,
              47.549939
            ],
            [
              7.588355,
              47.549939
            ],
            [
              7.588355,
              47.549989
            ],
            [
              7.588297,
              47.549989
            ],
            [
              7.588297,
              47.549939
            ]
          ]
        ]
      }
    },
    {
      "type": "Feature",
      "id": "b-020-eg-EG05",
      "properties": {
        "roomId": "b-020-eg-EG05",
        "floorId": "b-020-eg",
        "buildingId": "b-020",
        "nr": "EG05",
        "type": "Büro",
        "area": 20,
        "workspaces": 2,
        "groundElevation": 277.8,
        "baseHeight": 0,
        "topHeight": 3.5
      },
      "geometry": {
        "type": "Polygon",
        "coordinates": [
          [
            [
              7.588359,
              47.549939
            ],
            [
              7.588407,
              47.549939
            ],
            [
              7.588407,
              47.549989
            ],
            [
              7.588359,
              47.549989
            ],
            [
              7.588359,
              47.549939
            ]
          ]
        ]
      }
    },
    {
      "type": "Feature",
      "id": "b-020-eg-EG06",
      "properties": {
        "roomId": "b-020-eg-EG06",
        "floorId": "b-020-eg",
        "buildingId": "b-020",
        "nr": "EG06",
        "type": "Büro",
        "area": 16,
        "workspaces": 2,
        "groundElevation": 277.8,
        "baseHeight": 0,
        "topHeight": 3.5
      },
      "geometry": {
        "type": "Polygon",
        "coordinates": [
          [
            [
              7.588411,
              47.549939
            ],
            [
              7.588449,
              47.549939
            ],
            [
              7.588449,
              47.549989
            ],
            [
              7.588411,
              47.549989
            ],
            [
              7.588411,
              47.549939
            ]
          ]
        ]
      }
    },
    {
      "type": "Feature",
      "id": "b-020-eg-EG08",
      "properties": {
        "roomId": "b-020-eg-EG08",
        "floorId": "b-020-eg",
        "buildingId": "b-020",
        "nr": "EG08",
        "type": "Sitzungszimmer",
        "area": 28,
        "workspaces": 0,
        "groundElevation": 277.8,
        "baseHeight": 0,
        "topHeight": 3.5
      },
      "geometry": {
        "type": "Polygon",
        "coordinates": [
          [
            [
              7.588453,
              47.549939
            ],
            [
              7.58852,
              47.549939
            ],
            [
              7.58852,
              47.549989
            ],
            [
              7.588453,
              47.549989
            ],
            [
              7.588453,
              47.549939
            ]
          ]
        ]
      }
    },
    {
      "type": "Feature",
      "id": "b-020-eg-EG10",
      "properties": {
        "roomId": "b-020-eg-EG10",
        "floorId": "b-020-eg",
        "buildingId": "b-020",
        "nr": "EG10",
        "type": "Teeküche",
        "area": 12,
        "workspaces": 0,
        "groundElevation": 277.8,
        "baseHeight": 0,
        "topHeight": 3.5
      },
      "geometry": {
        "type": "Polygon",
        "coordinates": [
          [
            [
              7.588524,
              47.549939
            ],
            [
              7.588553,
              47.549939
            ],
            [
              7.588553,
              47.549989
            ],
            [
              7.588524,
              47.549989
            ],
            [
              7.588524,
              47.549939
            ]
          ]
        ]
      }
    },
    {
      "type": "Feature",
      "id": "b-020-eg-EG11",
      "properties": {
        "roomId": "b-020-eg-EG11",
        "floorId": "b-020-eg",
        "buildingId": "b-020",
        "nr": "EG11",
        "type": "Korridor",
        "area": 22,
        "workspaces": 0,
        "groundElevation": 277.8,
        "baseHeight": 0,
        "topHeight": 3.5
      },
      "geometry": {
        "type": "Polygon",
        "coordinates": [
          [
            [
              7.588222,
              47.549989
            ],
            [
              7.588338,
              47.549989
            ],
            [
              7.588338,
              47.550011
            ],
            [
              7.588222,
              47.550011
            ],
            [
              7.588222,
              47.549989
            ]
          ]
        ]
      }
    },
    {
      "type": "Feature",
      "id": "b-020-eg-EG12",
      "properties": {
        "roomId": "b-020-eg-EG12",
        "floorId": "b-020-eg",
        "buildingId": "b-020",
        "nr": "EG12",
        "type": "Korridor",
        "area": 16,
        "workspaces": 0,
        "groundElevation": 277.8,
        "baseHeight": 0,
        "topHeight": 3.5
      },
      "geometry": {
        "type": "Polygon",
        "coordinates": [
          [
            [
              7.588342,
              47.549989
            ],
            [
              7.588426,
              47.549989
            ],
            [
              7.588426,
              47.550011
            ],
            [
              7.588342,
              47.550011
            ],
            [
              7.588342,
              47.549989
            ]
          ]
        ]
      }
    },
    {
      "type": "Feature",
      "id": "b-020-1-108",
      "properties": {
        "roomId": "b-020-1-108",
        "floorId": "b-020-1",
        "buildingId": "b-020",
        "nr": "108",
        "type": "Open Space",
        "area": 50,
        "workspaces": 6,
        "groundElevation": 277.8,
        "baseHeight": 3.5,
        "topHeight": 7
      },
      "geometry": {
        "type": "Polygon",
        "coordinates": [
          [
            [
              7.588222,
              47.550011
            ],
            [
              7.588341,
              47.550011
            ],
            [
              7.588341,
              47.550061
            ],
            [
              7.588222,
              47.550061
            ],
            [
              7.588222,
              47.550011
            ]
          ]
        ]
      }
    },
    {
      "type": "Feature",
      "id": "b-020-1-101",
      "properties": {
        "roomId": "b-020-1-101",
        "floorId": "b-020-1",
        "buildingId": "b-020",
        "nr": "101",
        "type": "Büro",
        "area": 24,
        "workspaces": 3,
        "groundElevation": 277.8,
        "baseHeight": 3.5,
        "topHeight": 7
      },
      "geometry": {
        "type": "Polygon",
        "coordinates": [
          [
            [
              7.588345,
              47.550011
            ],
            [
              7.588403,
              47.550011
            ],
            [
              7.588403,
              47.550061
            ],
            [
              7.588345,
              47.550061
            ],
            [
              7.588345,
              47.550011
            ]
          ]
        ]
      }
    },
    {
      "type": "Feature",
      "id": "b-020-1-102",
      "properties": {
        "roomId": "b-020-1-102",
        "floorId": "b-020-1",
        "buildingId": "b-020",
        "nr": "102",
        "type": "Büro",
        "area": 20,
        "workspaces": 2,
        "groundElevation": 277.8,
        "baseHeight": 3.5,
        "topHeight": 7
      },
      "geometry": {
        "type": "Polygon",
        "coordinates": [
          [
            [
              7.588407,
              47.550011
            ],
            [
              7.588455,
              47.550011
            ],
            [
              7.588455,
              47.550061
            ],
            [
              7.588407,
              47.550061
            ],
            [
              7.588407,
              47.550011
            ]
          ]
        ]
      }
    },
    {
      "type": "Feature",
      "id": "b-020-1-104",
      "properties": {
        "roomId": "b-020-1-104",
        "floorId": "b-020-1",
        "buildingId": "b-020",
        "nr": "104",
        "type": "Büro",
        "area": 18,
        "workspaces": 2,
        "groundElevation": 277.8,
        "baseHeight": 3.5,
        "topHeight": 7
      },
      "geometry": {
        "type": "Polygon",
        "coordinates": [
          [
            [
              7.588459,
              47.550011
            ],
            [
              7.588502,
              47.550011
            ],
            [
              7.588502,
              47.550061
            ],
            [
              7.588459,
              47.550061
            ],
            [
              7.588459,
              47.550011
            ]
          ]
        ]
      }
    },
    {
      "type": "Feature",
      "id": "b-020-1-116",
      "properties": {
        "roomId": "b-020-1-116",
        "floorId": "b-020-1",
        "buildingId": "b-020",
        "nr": "116",
        "type": "Büro",
        "area": 12,
        "workspaces": 1,
        "groundElevation": 277.8,
        "baseHeight": 3.5,
        "topHeight": 7
      },
      "geometry": {
        "type": "Polygon",
        "coordinates": [
          [
            [
              7.588506,
              47.550011
            ],
            [
              7.588535,
              47.550011
            ],
            [
              7.588535,
              47.550061
            ],
            [
              7.588506,
              47.550061
            ],
            [
              7.588506,
              47.550011
            ]
          ]
        ]
      }
    },
    {
      "type": "Feature",
      "id": "b-020-1-111",
      "properties": {
        "roomId": "b-020-1-111",
        "floorId": "b-020-1",
        "buildingId": "b-020",
        "nr": "111",
        "type": "Sitzungszimmer",
        "area": 24,
        "workspaces": 0,
        "groundElevation": 277.8,
        "baseHeight": 3.5,
        "topHeight": 7
      },
      "geometry": {
        "type": "Polygon",
        "coordinates": [
          [
            [
              7.588539,
              47.550011
            ],
            [
              7.588596,
              47.550011
            ],
            [
              7.588596,
              47.550061
            ],
            [
              7.588539,
              47.550061
            ],
            [
              7.588539,
              47.550011
            ]
          ]
        ]
      }
    },
    {
      "type": "Feature",
      "id": "b-020-1-115",
      "properties": {
        "roomId": "b-020-1-115",
        "floorId": "b-020-1",
        "buildingId": "b-020",
        "nr": "115",
        "type": "WC",
        "area": 10,
        "workspaces": 0,
        "groundElevation": 277.8,
        "baseHeight": 3.5,
        "topHeight": 7
      },
      "geometry": {
        "type": "Polygon",
        "coordinates": [
          [
            [
              7.5886,
              47.550011
            ],
            [
              7.588624,
              47.550011
            ],
            [
              7.588624,
              47.550061
            ],
            [
              7.5886,
              47.550061
            ],
            [
              7.5886,
              47.550011
            ]
          ]
        ]
      }
    },
    {
      "type": "Feature",
      "id": "b-020-1-107",
      "properties": {
        "roomId": "b-020-1-107",
        "floorId": "b-020-1",
        "buildingId": "b-020",
        "nr": "107",
        "type": "Büro",
        "area": 28,
        "workspaces": 4,
        "groundElevation": 277.8,
        "baseHeight": 3.5,
        "topHeight": 7
      },
      "geometry": {
        "type": "Polygon",
        "coordinates": [
          [
            [
              7.588222,
              47.549939
            ],
            [
              7.588289,
              47.549939
            ],
            [
              7.588289,
              47.549989
            ],
            [
              7.588222,
              47.549989
            ],
            [
              7.588222,
              47.549939
            ]
          ]
        ]
      }
    },
    {
      "type": "Feature",
      "id": "b-020-1-103",
      "properties": {
        "roomId": "b-020-1-103",
        "floorId": "b-020-1",
        "buildingId": "b-020",
        "nr": "103",
        "type": "Büro",
        "area": 26,
        "workspaces": 3,
        "groundElevation": 277.8,
        "baseHeight": 3.5,
        "topHeight": 7
      },
      "geometry": {
        "type": "Polygon",
        "coordinates": [
          [
            [
              7.588293,
              47.549939
            ],
            [
              7.588355,
              47.549939
            ],
            [
              7.588355,
              47.549989
            ],
            [
              7.588293,
              47.549989
            ],
            [
              7.588293,
              47.549939
            ]
          ]
        ]
      }
    },
    {
      "type": "Feature",
      "id": "b-020-1-105",
      "properties": {
        "roomId": "b-020-1-105",
        "floorId": "b-020-1",
        "buildingId": "b-020",
        "nr": "105",
        "type": "Büro",
        "area": 22,
        "workspaces": 3,
        "groundElevation": 277.8,
        "baseHeight": 3.5,
        "topHeight": 7
      },
      "geometry": {
        "type": "Polygon",
        "coordinates": [
          [
            [
              7.588359,
              47.549939
            ],
            [
              7.588412,
              47.549939
            ],
            [
              7.588412,
              47.549989
            ],
            [
              7.588359,
              47.549989
            ],
            [
              7.588359,
              47.549939
            ]
          ]
        ]
      }
    },
    {
      "type": "Feature",
      "id": "b-020-1-109",
      "properties": {
        "roomId": "b-020-1-109",
        "floorId": "b-020-1",
        "buildingId": "b-020",
        "nr": "109",
        "type": "Büro",
        "area": 20,
        "workspaces": 2,
        "groundElevation": 277.8,
        "baseHeight": 3.5,
        "topHeight": 7
      },
      "geometry": {
        "type": "Polygon",
        "coordinates": [
          [
            [
              7.588416,
              47.549939
            ],
            [
              7.588464,
              47.549939
            ],
            [
              7.588464,
              47.549989
            ],
            [
              7.588416,
              47.549989
            ],
            [
              7.588416,
              47.549939
            ]
          ]
        ]
      }
    },
    {
      "type": "Feature",
      "id": "b-020-1-106",
      "properties": {
        "roomId": "b-020-1-106",
        "floorId": "b-020-1",
        "buildingId": "b-020",
        "nr": "106",
        "type": "Büro",
        "area": 16,
        "workspaces": 2,
        "groundElevation": 277.8,
        "baseHeight": 3.5,
        "topHeight": 7
      },
      "geometry": {
        "type": "Polygon",
        "coordinates": [
          [
            [
              7.588468,
              47.549939
            ],
            [
              7.588506,
              47.549939
            ],
            [
              7.588506,
              47.549989
            ],
            [
              7.588468,
              47.549989
            ],
            [
              7.588468,
              47.549939
            ]
          ]
        ]
      }
    },
    {
      "type": "Feature",
      "id": "b-020-1-110",
      "properties": {
        "roomId": "b-020-1-110",
        "floorId": "b-020-1",
        "buildingId": "b-020",
        "nr": "110",
        "type": "Sitzungszimmer",
        "area": 32,
        "workspaces": 0,
        "groundElevation": 277.8,
        "baseHeight": 3.5,
        "topHeight": 7
      },
      "geometry": {
        "type": "Polygon",
        "coordinates": [
          [
            [
              7.58851,
              47.549939
            ],
            [
              7.588587,
              47.549939
            ],
            [
              7.588587,
              47.549989
            ],
            [
              7.58851,
              47.549989
            ],
            [
              7.58851,
              47.549939
            ]
          ]
        ]
      }
    },
    {
      "type": "Feature",
      "id": "b-020-1-112",
      "properties": {
        "roomId": "b-020-1-112",
        "floorId": "b-020-1",
        "buildingId": "b-020",
        "nr": "112",
        "type": "Teeküche",
        "area": 12,
        "workspaces": 0,
        "groundElevation": 277.8,
        "baseHeight": 3.5,
        "topHeight": 7
      },
      "geometry": {
        "type": "Polygon",
        "coordinates": [
          [
            [
              7.588591,
              47.549939
            ],
            [
              7.588619,
              47.549939
            ],
            [
              7.588619,
              47.549989
            ],
            [
              7.588591,
              47.549989
            ],
            [
              7.588591,
              47.549939
            ]
          ]
        ]
      }
    },
    {
      "type": "Feature",
      "id": "b-020-1-113",
      "properties": {
        "roomId": "b-020-1-113",
        "floorId": "b-020-1",
        "buildingId": "b-020",
        "nr": "113",
        "type": "Korridor",
        "area": 22,
        "workspaces": 0,
        "groundElevation": 277.8,
        "baseHeight": 3.5,
        "topHeight": 7
      },
      "geometry": {
        "type": "Polygon",
        "coordinates": [
          [
            [
              7.588222,
              47.549989
            ],
            [
              7.588338,
              47.549989
            ],
            [
              7.588338,
              47.550011
            ],
            [
              7.588222,
              47.550011
            ],
            [
              7.588222,
              47.549989
            ]
          ]
        ]
      }
    },
    {
      "type": "Feature",
      "id": "b-020-1-114",
      "properties": {
        "roomId": "b-020-1-114",
        "floorId": "b-020-1",
        "buildingId": "b-020",
        "nr": "114",
        "type": "Korridor",
        "area": 16,
        "workspaces": 0,
        "groundElevation": 277.8,
        "baseHeight": 3.5,
        "topHeight": 7
      },
      "geometry": {
        "type": "Polygon",
        "coordinates": [
          [
            [
              7.588342,
              47.549989
            ],
            [
              7.588426,
              47.549989
            ],
            [
              7.588426,
              47.550011
            ],
            [
              7.588342,
              47.550011
            ],
            [
              7.588342,
              47.549989
            ]
          ]
        ]
      }
    },
    {
      "type": "Feature",
      "id": "b-020-2-207",
      "properties": {
        "roomId": "b-020-2-207",
        "floorId": "b-020-2",
        "buildingId": "b-020",
        "nr": "207",
        "type": "Open Space",
        "area": 48,
        "workspaces": 6,
        "groundElevation": 277.8,
        "baseHeight": 7,
        "topHeight": 10.5
      },
      "geometry": {
        "type": "Polygon",
        "coordinates": [
          [
            [
              7.588222,
              47.550011
            ],
            [
              7.588337,
              47.550011
            ],
            [
              7.588337,
              47.550061
            ],
            [
              7.588222,
              47.550061
            ],
            [
              7.588222,
              47.550011
            ]
          ]
        ]
      }
    },
    {
      "type": "Feature",
      "id": "b-020-2-201",
      "properties": {
        "roomId": "b-020-2-201",
        "floorId": "b-020-2",
        "buildingId": "b-020",
        "nr": "201",
        "type": "Büro",
        "area": 24,
        "workspaces": 3,
        "groundElevation": 277.8,
        "baseHeight": 7,
        "topHeight": 10.5
      },
      "geometry": {
        "type": "Polygon",
        "coordinates": [
          [
            [
              7.588341,
              47.550011
            ],
            [
              7.588398,
              47.550011
            ],
            [
              7.588398,
              47.550061
            ],
            [
              7.588341,
              47.550061
            ],
            [
              7.588341,
              47.550011
            ]
          ]
        ]
      }
    },
    {
      "type": "Feature",
      "id": "b-020-2-202",
      "properties": {
        "roomId": "b-020-2-202",
        "floorId": "b-020-2",
        "buildingId": "b-020",
        "nr": "202",
        "type": "Büro",
        "area": 20,
        "workspaces": 2,
        "groundElevation": 277.8,
        "baseHeight": 7,
        "topHeight": 10.5
      },
      "geometry": {
        "type": "Polygon",
        "coordinates": [
          [
            [
              7.588402,
              47.550011
            ],
            [
              7.58845,
              47.550011
            ],
            [
              7.58845,
              47.550061
            ],
            [
              7.588402,
              47.550061
            ],
            [
              7.588402,
              47.550011
            ]
          ]
        ]
      }
    },
    {
      "type": "Feature",
      "id": "b-020-2-208",
      "properties": {
        "roomId": "b-020-2-208",
        "floorId": "b-020-2",
        "buildingId": "b-020",
        "nr": "208",
        "type": "Büro",
        "area": 16,
        "workspaces": 2,
        "groundElevation": 277.8,
        "baseHeight": 7,
        "topHeight": 10.5
      },
      "geometry": {
        "type": "Polygon",
        "coordinates": [
          [
            [
              7.588454,
              47.550011
            ],
            [
              7.588492,
              47.550011
            ],
            [
              7.588492,
              47.550061
            ],
            [
              7.588454,
              47.550061
            ],
            [
              7.588454,
              47.550011
            ]
          ]
        ]
      }
    },
    {
      "type": "Feature",
      "id": "b-020-2-210",
      "properties": {
        "roomId": "b-020-2-210",
        "floorId": "b-020-2",
        "buildingId": "b-020",
        "nr": "210",
        "type": "Sitzungszimmer",
        "area": 22,
        "workspaces": 0,
        "groundElevation": 277.8,
        "baseHeight": 7,
        "topHeight": 10.5
      },
      "geometry": {
        "type": "Polygon",
        "coordinates": [
          [
            [
              7.588496,
              47.550011
            ],
            [
              7.588549,
              47.550011
            ],
            [
              7.588549,
              47.550061
            ],
            [
              7.588496,
              47.550061
            ],
            [
              7.588496,
              47.550011
            ]
          ]
        ]
      }
    },
    {
      "type": "Feature",
      "id": "b-020-2-211",
      "properties": {
        "roomId": "b-020-2-211",
        "floorId": "b-020-2",
        "buildingId": "b-020",
        "nr": "211",
        "type": "Teeküche",
        "area": 12,
        "workspaces": 0,
        "groundElevation": 277.8,
        "baseHeight": 7,
        "topHeight": 10.5
      },
      "geometry": {
        "type": "Polygon",
        "coordinates": [
          [
            [
              7.588553,
              47.550011
            ],
            [
              7.588582,
              47.550011
            ],
            [
              7.588582,
              47.550061
            ],
            [
              7.588553,
              47.550061
            ],
            [
              7.588553,
              47.550011
            ]
          ]
        ]
      }
    },
    {
      "type": "Feature",
      "id": "b-020-2-206",
      "properties": {
        "roomId": "b-020-2-206",
        "floorId": "b-020-2",
        "buildingId": "b-020",
        "nr": "206",
        "type": "Büro",
        "area": 28,
        "workspaces": 4,
        "groundElevation": 277.8,
        "baseHeight": 7,
        "topHeight": 10.5
      },
      "geometry": {
        "type": "Polygon",
        "coordinates": [
          [
            [
              7.588222,
              47.549939
            ],
            [
              7.588289,
              47.549939
            ],
            [
              7.588289,
              47.549989
            ],
            [
              7.588222,
              47.549989
            ],
            [
              7.588222,
              47.549939
            ]
          ]
        ]
      }
    },
    {
      "type": "Feature",
      "id": "b-020-2-203",
      "properties": {
        "roomId": "b-020-2-203",
        "floorId": "b-020-2",
        "buildingId": "b-020",
        "nr": "203",
        "type": "Büro",
        "area": 26,
        "workspaces": 3,
        "groundElevation": 277.8,
        "baseHeight": 7,
        "topHeight": 10.5
      },
      "geometry": {
        "type": "Polygon",
        "coordinates": [
          [
            [
              7.588293,
              47.549939
            ],
            [
              7.588355,
              47.549939
            ],
            [
              7.588355,
              47.549989
            ],
            [
              7.588293,
              47.549989
            ],
            [
              7.588293,
              47.549939
            ]
          ]
        ]
      }
    },
    {
      "type": "Feature",
      "id": "b-020-2-205",
      "properties": {
        "roomId": "b-020-2-205",
        "floorId": "b-020-2",
        "buildingId": "b-020",
        "nr": "205",
        "type": "Büro",
        "area": 22,
        "workspaces": 3,
        "groundElevation": 277.8,
        "baseHeight": 7,
        "topHeight": 10.5
      },
      "geometry": {
        "type": "Polygon",
        "coordinates": [
          [
            [
              7.588359,
              47.549939
            ],
            [
              7.588412,
              47.549939
            ],
            [
              7.588412,
              47.549989
            ],
            [
              7.588359,
              47.549989
            ],
            [
              7.588359,
              47.549939
            ]
          ]
        ]
      }
    },
    {
      "type": "Feature",
      "id": "b-020-2-204",
      "properties": {
        "roomId": "b-020-2-204",
        "floorId": "b-020-2",
        "buildingId": "b-020",
        "nr": "204",
        "type": "Büro",
        "area": 18,
        "workspaces": 2,
        "groundElevation": 277.8,
        "baseHeight": 7,
        "topHeight": 10.5
      },
      "geometry": {
        "type": "Polygon",
        "coordinates": [
          [
            [
              7.588416,
              47.549939
            ],
            [
              7.588459,
              47.549939
            ],
            [
              7.588459,
              47.549989
            ],
            [
              7.588416,
              47.549989
            ],
            [
              7.588416,
              47.549939
            ]
          ]
        ]
      }
    },
    {
      "type": "Feature",
      "id": "b-020-2-215",
      "properties": {
        "roomId": "b-020-2-215",
        "floorId": "b-020-2",
        "buildingId": "b-020",
        "nr": "215",
        "type": "Büro",
        "area": 12,
        "workspaces": 1,
        "groundElevation": 277.8,
        "baseHeight": 7,
        "topHeight": 10.5
      },
      "geometry": {
        "type": "Polygon",
        "coordinates": [
          [
            [
              7.588463,
              47.549939
            ],
            [
              7.588492,
              47.549939
            ],
            [
              7.588492,
              47.549989
            ],
            [
              7.588463,
              47.549989
            ],
            [
              7.588463,
              47.549939
            ]
          ]
        ]
      }
    },
    {
      "type": "Feature",
      "id": "b-020-2-209",
      "properties": {
        "roomId": "b-020-2-209",
        "floorId": "b-020-2",
        "buildingId": "b-020",
        "nr": "209",
        "type": "Sitzungszimmer",
        "area": 30,
        "workspaces": 0,
        "groundElevation": 277.8,
        "baseHeight": 7,
        "topHeight": 10.5
      },
      "geometry": {
        "type": "Polygon",
        "coordinates": [
          [
            [
              7.588496,
              47.549939
            ],
            [
              7.588567,
              47.549939
            ],
            [
              7.588567,
              47.549989
            ],
            [
              7.588496,
              47.549989
            ],
            [
              7.588496,
              47.549939
            ]
          ]
        ]
      }
    },
    {
      "type": "Feature",
      "id": "b-020-2-214",
      "properties": {
        "roomId": "b-020-2-214",
        "floorId": "b-020-2",
        "buildingId": "b-020",
        "nr": "214",
        "type": "WC",
        "area": 10,
        "workspaces": 0,
        "groundElevation": 277.8,
        "baseHeight": 7,
        "topHeight": 10.5
      },
      "geometry": {
        "type": "Polygon",
        "coordinates": [
          [
            [
              7.588571,
              47.549939
            ],
            [
              7.588595,
              47.549939
            ],
            [
              7.588595,
              47.549989
            ],
            [
              7.588571,
              47.549989
            ],
            [
              7.588571,
              47.549939
            ]
          ]
        ]
      }
    },
    {
      "type": "Feature",
      "id": "b-020-2-212",
      "properties": {
        "roomId": "b-020-2-212",
        "floorId": "b-020-2",
        "buildingId": "b-020",
        "nr": "212",
        "type": "Korridor",
        "area": 22,
        "workspaces": 0,
        "groundElevation": 277.8,
        "baseHeight": 7,
        "topHeight": 10.5
      },
      "geometry": {
        "type": "Polygon",
        "coordinates": [
          [
            [
              7.588222,
              47.549989
            ],
            [
              7.588338,
              47.549989
            ],
            [
              7.588338,
              47.550011
            ],
            [
              7.588222,
              47.550011
            ],
            [
              7.588222,
              47.549989
            ]
          ]
        ]
      }
    },
    {
      "type": "Feature",
      "id": "b-020-2-213",
      "properties": {
        "roomId": "b-020-2-213",
        "floorId": "b-020-2",
        "buildingId": "b-020",
        "nr": "213",
        "type": "Korridor",
        "area": 16,
        "workspaces": 0,
        "groundElevation": 277.8,
        "baseHeight": 7,
        "topHeight": 10.5
      },
      "geometry": {
        "type": "Polygon",
        "coordinates": [
          [
            [
              7.588342,
              47.549989
            ],
            [
              7.588426,
              47.549989
            ],
            [
              7.588426,
              47.550011
            ],
            [
              7.588342,
              47.550011
            ],
            [
              7.588342,
              47.549989
            ]
          ]
        ]
      }
    },
    {
      "type": "Feature",
      "id": "b-030-eg-EG01",
      "properties": {
        "roomId": "b-030-eg-EG01",
        "floorId": "b-030-eg",
        "buildingId": "b-030",
        "nr": "EG01",
        "type": "Empfang",
        "area": 28,
        "workspaces": 2,
        "groundElevation": 435.6,
        "baseHeight": 0,
        "topHeight": 3.5
      },
      "geometry": {
        "type": "Polygon",
        "coordinates": [
          [
            [
              8.308975,
              47.050211
            ],
            [
              8.309042,
              47.050211
            ],
            [
              8.309042,
              47.050261
            ],
            [
              8.308975,
              47.050261
            ],
            [
              8.308975,
              47.050211
            ]
          ]
        ]
      }
    },
    {
      "type": "Feature",
      "id": "b-030-eg-EG05",
      "properties": {
        "roomId": "b-030-eg-EG05",
        "floorId": "b-030-eg",
        "buildingId": "b-030",
        "nr": "EG05",
        "type": "Büro",
        "area": 20,
        "workspaces": 2,
        "groundElevation": 435.6,
        "baseHeight": 0,
        "topHeight": 3.5
      },
      "geometry": {
        "type": "Polygon",
        "coordinates": [
          [
            [
              8.309046,
              47.050211
            ],
            [
              8.309094,
              47.050211
            ],
            [
              8.309094,
              47.050261
            ],
            [
              8.309046,
              47.050261
            ],
            [
              8.309046,
              47.050211
            ]
          ]
        ]
      }
    },
    {
      "type": "Feature",
      "id": "b-030-eg-EG10",
      "properties": {
        "roomId": "b-030-eg-EG10",
        "floorId": "b-030-eg",
        "buildingId": "b-030",
        "nr": "EG10",
        "type": "Büro",
        "area": 14,
        "workspaces": 2,
        "groundElevation": 435.6,
        "baseHeight": 0,
        "topHeight": 3.5
      },
      "geometry": {
        "type": "Polygon",
        "coordinates": [
          [
            [
              8.309098,
              47.050211
            ],
            [
              8.309131,
              47.050211
            ],
            [
              8.309131,
              47.050261
            ],
            [
              8.309098,
              47.050261
            ],
            [
              8.309098,
              47.050211
            ]
          ]
        ]
      }
    },
    {
      "type": "Feature",
      "id": "b-030-eg-EG06",
      "properties": {
        "roomId": "b-030-eg-EG06",
        "floorId": "b-030-eg",
        "buildingId": "b-030",
        "nr": "EG06",
        "type": "Sitzungszimmer",
        "area": 25,
        "workspaces": 0,
        "groundElevation": 435.6,
        "baseHeight": 0,
        "topHeight": 3.5
      },
      "geometry": {
        "type": "Polygon",
        "coordinates": [
          [
            [
              8.309135,
              47.050211
            ],
            [
              8.309195,
              47.050211
            ],
            [
              8.309195,
              47.050261
            ],
            [
              8.309135,
              47.050261
            ],
            [
              8.309135,
              47.050211
            ]
          ]
        ]
      }
    },
    {
      "type": "Feature",
      "id": "b-030-eg-EG04",
      "properties": {
        "roomId": "b-030-eg-EG04",
        "floorId": "b-030-eg",
        "buildingId": "b-030",
        "nr": "EG04",
        "type": "Büro",
        "area": 24,
        "workspaces": 3,
        "groundElevation": 435.6,
        "baseHeight": 0,
        "topHeight": 3.5
      },
      "geometry": {
        "type": "Polygon",
        "coordinates": [
          [
            [
              8.308975,
              47.050139
            ],
            [
              8.309032,
              47.050139
            ],
            [
              8.309032,
              47.050189
            ],
            [
              8.308975,
              47.050189
            ],
            [
              8.308975,
              47.050139
            ]
          ]
        ]
      }
    },
    {
      "type": "Feature",
      "id": "b-030-eg-EG02",
      "properties": {
        "roomId": "b-030-eg-EG02",
        "floorId": "b-030-eg",
        "buildingId": "b-030",
        "nr": "EG02",
        "type": "Büro",
        "area": 22,
        "workspaces": 3,
        "groundElevation": 435.6,
        "baseHeight": 0,
        "topHeight": 3.5
      },
      "geometry": {
        "type": "Polygon",
        "coordinates": [
          [
            [
              8.309036,
              47.050139
            ],
            [
              8.309089,
              47.050139
            ],
            [
              8.309089,
              47.050189
            ],
            [
              8.309036,
              47.050189
            ],
            [
              8.309036,
              47.050139
            ]
          ]
        ]
      }
    },
    {
      "type": "Feature",
      "id": "b-030-eg-EG03",
      "properties": {
        "roomId": "b-030-eg-EG03",
        "floorId": "b-030-eg",
        "buildingId": "b-030",
        "nr": "EG03",
        "type": "Büro",
        "area": 18,
        "workspaces": 2,
        "groundElevation": 435.6,
        "baseHeight": 0,
        "topHeight": 3.5
      },
      "geometry": {
        "type": "Polygon",
        "coordinates": [
          [
            [
              8.309093,
              47.050139
            ],
            [
              8.309136,
              47.050139
            ],
            [
              8.309136,
              47.050189
            ],
            [
              8.309093,
              47.050189
            ],
            [
              8.309093,
              47.050139
            ]
          ]
        ]
      }
    },
    {
      "type": "Feature",
      "id": "b-030-eg-EG07",
      "properties": {
        "roomId": "b-030-eg-EG07",
        "floorId": "b-030-eg",
        "buildingId": "b-030",
        "nr": "EG07",
        "type": "Teeküche",
        "area": 12,
        "workspaces": 0,
        "groundElevation": 435.6,
        "baseHeight": 0,
        "topHeight": 3.5
      },
      "geometry": {
        "type": "Polygon",
        "coordinates": [
          [
            [
              8.30914,
              47.050139
            ],
            [
              8.309169,
              47.050139
            ],
            [
              8.309169,
              47.050189
            ],
            [
              8.30914,
              47.050189
            ],
            [
              8.30914,
              47.050139
            ]
          ]
        ]
      }
    },
    {
      "type": "Feature",
      "id": "b-030-eg-EG09",
      "properties": {
        "roomId": "b-030-eg-EG09",
        "floorId": "b-030-eg",
        "buildingId": "b-030",
        "nr": "EG09",
        "type": "WC",
        "area": 10,
        "workspaces": 0,
        "groundElevation": 435.6,
        "baseHeight": 0,
        "topHeight": 3.5
      },
      "geometry": {
        "type": "Polygon",
        "coordinates": [
          [
            [
              8.309173,
              47.050139
            ],
            [
              8.309197,
              47.050139
            ],
            [
              8.309197,
              47.050189
            ],
            [
              8.309173,
              47.050189
            ],
            [
              8.309173,
              47.050139
            ]
          ]
        ]
      }
    },
    {
      "type": "Feature",
      "id": "b-030-eg-EG08",
      "properties": {
        "roomId": "b-030-eg-EG08",
        "floorId": "b-030-eg",
        "buildingId": "b-030",
        "nr": "EG08",
        "type": "Korridor",
        "area": 20,
        "workspaces": 0,
        "groundElevation": 435.6,
        "baseHeight": 0,
        "topHeight": 3.5
      },
      "geometry": {
        "type": "Polygon",
        "coordinates": [
          [
            [
              8.308975,
              47.050189
            ],
            [
              8.30908,
              47.050189
            ],
            [
              8.30908,
              47.050211
            ],
            [
              8.308975,
              47.050211
            ],
            [
              8.308975,
              47.050189
            ]
          ]
        ]
      }
    },
    {
      "type": "Feature",
      "id": "b-030-1-105",
      "properties": {
        "roomId": "b-030-1-105",
        "floorId": "b-030-1",
        "buildingId": "b-030",
        "nr": "105",
        "type": "Büro",
        "area": 26,
        "workspaces": 3,
        "groundElevation": 435.6,
        "baseHeight": 3.5,
        "topHeight": 7
      },
      "geometry": {
        "type": "Polygon",
        "coordinates": [
          [
            [
              8.308975,
              47.050211
            ],
            [
              8.309037,
              47.050211
            ],
            [
              8.309037,
              47.050261
            ],
            [
              8.308975,
              47.050261
            ],
            [
              8.308975,
              47.050211
            ]
          ]
        ]
      }
    },
    {
      "type": "Feature",
      "id": "b-030-1-102",
      "properties": {
        "roomId": "b-030-1-102",
        "floorId": "b-030-1",
        "buildingId": "b-030",
        "nr": "102",
        "type": "Büro",
        "area": 20,
        "workspaces": 3,
        "groundElevation": 435.6,
        "baseHeight": 3.5,
        "topHeight": 7
      },
      "geometry": {
        "type": "Polygon",
        "coordinates": [
          [
            [
              8.309041,
              47.050211
            ],
            [
              8.309089,
              47.050211
            ],
            [
              8.309089,
              47.050261
            ],
            [
              8.309041,
              47.050261
            ],
            [
              8.309041,
              47.050211
            ]
          ]
        ]
      }
    },
    {
      "type": "Feature",
      "id": "b-030-1-107",
      "properties": {
        "roomId": "b-030-1-107",
        "floorId": "b-030-1",
        "buildingId": "b-030",
        "nr": "107",
        "type": "Büro",
        "area": 20,
        "workspaces": 3,
        "groundElevation": 435.6,
        "baseHeight": 3.5,
        "topHeight": 7
      },
      "geometry": {
        "type": "Polygon",
        "coordinates": [
          [
            [
              8.309093,
              47.050211
            ],
            [
              8.309141,
              47.050211
            ],
            [
              8.309141,
              47.050261
            ],
            [
              8.309093,
              47.050261
            ],
            [
              8.309093,
              47.050211
            ]
          ]
        ]
      }
    },
    {
      "type": "Feature",
      "id": "b-030-1-108",
      "properties": {
        "roomId": "b-030-1-108",
        "floorId": "b-030-1",
        "buildingId": "b-030",
        "nr": "108",
        "type": "Sitzungszimmer",
        "area": 28,
        "workspaces": 0,
        "groundElevation": 435.6,
        "baseHeight": 3.5,
        "topHeight": 7
      },
      "geometry": {
        "type": "Polygon",
        "coordinates": [
          [
            [
              8.309145,
              47.050211
            ],
            [
              8.309212,
              47.050211
            ],
            [
              8.309212,
              47.050261
            ],
            [
              8.309145,
              47.050261
            ],
            [
              8.309145,
              47.050211
            ]
          ]
        ]
      }
    },
    {
      "type": "Feature",
      "id": "b-030-1-110",
      "properties": {
        "roomId": "b-030-1-110",
        "floorId": "b-030-1",
        "buildingId": "b-030",
        "nr": "110",
        "type": "Teeküche",
        "area": 12,
        "workspaces": 0,
        "groundElevation": 435.6,
        "baseHeight": 3.5,
        "topHeight": 7
      },
      "geometry": {
        "type": "Polygon",
        "coordinates": [
          [
            [
              8.309216,
              47.050211
            ],
            [
              8.309245,
              47.050211
            ],
            [
              8.309245,
              47.050261
            ],
            [
              8.309216,
              47.050261
            ],
            [
              8.309216,
              47.050211
            ]
          ]
        ]
      }
    },
    {
      "type": "Feature",
      "id": "b-030-1-101",
      "properties": {
        "roomId": "b-030-1-101",
        "floorId": "b-030-1",
        "buildingId": "b-030",
        "nr": "101",
        "type": "Büro",
        "area": 24,
        "workspaces": 3,
        "groundElevation": 435.6,
        "baseHeight": 3.5,
        "topHeight": 7
      },
      "geometry": {
        "type": "Polygon",
        "coordinates": [
          [
            [
              8.308975,
              47.050139
            ],
            [
              8.309032,
              47.050139
            ],
            [
              8.309032,
              47.050189
            ],
            [
              8.308975,
              47.050189
            ],
            [
              8.308975,
              47.050139
            ]
          ]
        ]
      }
    },
    {
      "type": "Feature",
      "id": "b-030-1-103",
      "properties": {
        "roomId": "b-030-1-103",
        "floorId": "b-030-1",
        "buildingId": "b-030",
        "nr": "103",
        "type": "Büro",
        "area": 22,
        "workspaces": 3,
        "groundElevation": 435.6,
        "baseHeight": 3.5,
        "topHeight": 7
      },
      "geometry": {
        "type": "Polygon",
        "coordinates": [
          [
            [
              8.309036,
              47.050139
            ],
            [
              8.309089,
              47.050139
            ],
            [
              8.309089,
              47.050189
            ],
            [
              8.309036,
              47.050189
            ],
            [
              8.309036,
              47.050139
            ]
          ]
        ]
      }
    },
    {
      "type": "Feature",
      "id": "b-030-1-104",
      "properties": {
        "roomId": "b-030-1-104",
        "floorId": "b-030-1",
        "buildingId": "b-030",
        "nr": "104",
        "type": "Büro",
        "area": 18,
        "workspaces": 2,
        "groundElevation": 435.6,
        "baseHeight": 3.5,
        "topHeight": 7
      },
      "geometry": {
        "type": "Polygon",
        "coordinates": [
          [
            [
              8.309093,
              47.050139
            ],
            [
              8.309136,
              47.050139
            ],
            [
              8.309136,
              47.050189
            ],
            [
              8.309093,
              47.050189
            ],
            [
              8.309093,
              47.050139
            ]
          ]
        ]
      }
    },
    {
      "type": "Feature",
      "id": "b-030-1-106",
      "properties": {
        "roomId": "b-030-1-106",
        "floorId": "b-030-1",
        "buildingId": "b-030",
        "nr": "106",
        "type": "Büro",
        "area": 16,
        "workspaces": 2,
        "groundElevation": 435.6,
        "baseHeight": 3.5,
        "topHeight": 7
      },
      "geometry": {
        "type": "Polygon",
        "coordinates": [
          [
            [
              8.30914,
              47.050139
            ],
            [
              8.309178,
              47.050139
            ],
            [
              8.309178,
              47.050189
            ],
            [
              8.30914,
              47.050189
            ],
            [
              8.30914,
              47.050139
            ]
          ]
        ]
      }
    },
    {
      "type": "Feature",
      "id": "b-030-1-109",
      "properties": {
        "roomId": "b-030-1-109",
        "floorId": "b-030-1",
        "buildingId": "b-030",
        "nr": "109",
        "type": "Sitzungszimmer",
        "area": 22,
        "workspaces": 0,
        "groundElevation": 435.6,
        "baseHeight": 3.5,
        "topHeight": 7
      },
      "geometry": {
        "type": "Polygon",
        "coordinates": [
          [
            [
              8.309182,
              47.050139
            ],
            [
              8.309235,
              47.050139
            ],
            [
              8.309235,
              47.050189
            ],
            [
              8.309182,
              47.050189
            ],
            [
              8.309182,
              47.050139
            ]
          ]
        ]
      }
    },
    {
      "type": "Feature",
      "id": "b-030-1-112",
      "properties": {
        "roomId": "b-030-1-112",
        "floorId": "b-030-1",
        "buildingId": "b-030",
        "nr": "112",
        "type": "WC",
        "area": 10,
        "workspaces": 0,
        "groundElevation": 435.6,
        "baseHeight": 3.5,
        "topHeight": 7
      },
      "geometry": {
        "type": "Polygon",
        "coordinates": [
          [
            [
              8.309239,
              47.050139
            ],
            [
              8.309263,
              47.050139
            ],
            [
              8.309263,
              47.050189
            ],
            [
              8.309239,
              47.050189
            ],
            [
              8.309239,
              47.050139
            ]
          ]
        ]
      }
    },
    {
      "type": "Feature",
      "id": "b-030-1-111",
      "properties": {
        "roomId": "b-030-1-111",
        "floorId": "b-030-1",
        "buildingId": "b-030",
        "nr": "111",
        "type": "Korridor",
        "area": 20,
        "workspaces": 0,
        "groundElevation": 435.6,
        "baseHeight": 3.5,
        "topHeight": 7
      },
      "geometry": {
        "type": "Polygon",
        "coordinates": [
          [
            [
              8.308975,
              47.050189
            ],
            [
              8.30908,
              47.050189
            ],
            [
              8.30908,
              47.050211
            ],
            [
              8.308975,
              47.050211
            ],
            [
              8.308975,
              47.050189
            ]
          ]
        ]
      }
    },
    {
      "type": "Feature",
      "id": "b-030-2-205",
      "properties": {
        "roomId": "b-030-2-205",
        "floorId": "b-030-2",
        "buildingId": "b-030",
        "nr": "205",
        "type": "Büro",
        "area": 26,
        "workspaces": 4,
        "groundElevation": 435.6,
        "baseHeight": 7,
        "topHeight": 10.5
      },
      "geometry": {
        "type": "Polygon",
        "coordinates": [
          [
            [
              8.308975,
              47.050211
            ],
            [
              8.309037,
              47.050211
            ],
            [
              8.309037,
              47.050261
            ],
            [
              8.308975,
              47.050261
            ],
            [
              8.308975,
              47.050211
            ]
          ]
        ]
      }
    },
    {
      "type": "Feature",
      "id": "b-030-2-202",
      "properties": {
        "roomId": "b-030-2-202",
        "floorId": "b-030-2",
        "buildingId": "b-030",
        "nr": "202",
        "type": "Büro",
        "area": 20,
        "workspaces": 3,
        "groundElevation": 435.6,
        "baseHeight": 7,
        "topHeight": 10.5
      },
      "geometry": {
        "type": "Polygon",
        "coordinates": [
          [
            [
              8.309041,
              47.050211
            ],
            [
              8.309089,
              47.050211
            ],
            [
              8.309089,
              47.050261
            ],
            [
              8.309041,
              47.050261
            ],
            [
              8.309041,
              47.050211
            ]
          ]
        ]
      }
    },
    {
      "type": "Feature",
      "id": "b-030-2-204",
      "properties": {
        "roomId": "b-030-2-204",
        "floorId": "b-030-2",
        "buildingId": "b-030",
        "nr": "204",
        "type": "Büro",
        "area": 18,
        "workspaces": 2,
        "groundElevation": 435.6,
        "baseHeight": 7,
        "topHeight": 10.5
      },
      "geometry": {
        "type": "Polygon",
        "coordinates": [
          [
            [
              8.309093,
              47.050211
            ],
            [
              8.309136,
              47.050211
            ],
            [
              8.309136,
              47.050261
            ],
            [
              8.309093,
              47.050261
            ],
            [
              8.309093,
              47.050211
            ]
          ]
        ]
      }
    },
    {
      "type": "Feature",
      "id": "b-030-2-208",
      "properties": {
        "roomId": "b-030-2-208",
        "floorId": "b-030-2",
        "buildingId": "b-030",
        "nr": "208",
        "type": "Sitzungszimmer",
        "area": 22,
        "workspaces": 0,
        "groundElevation": 435.6,
        "baseHeight": 7,
        "topHeight": 10.5
      },
      "geometry": {
        "type": "Polygon",
        "coordinates": [
          [
            [
              8.30914,
              47.050211
            ],
            [
              8.309193,
              47.050211
            ],
            [
              8.309193,
              47.050261
            ],
            [
              8.30914,
              47.050261
            ],
            [
              8.30914,
              47.050211
            ]
          ]
        ]
      }
    },
    {
      "type": "Feature",
      "id": "b-030-2-209",
      "properties": {
        "roomId": "b-030-2-209",
        "floorId": "b-030-2",
        "buildingId": "b-030",
        "nr": "209",
        "type": "Teeküche",
        "area": 12,
        "workspaces": 0,
        "groundElevation": 435.6,
        "baseHeight": 7,
        "topHeight": 10.5
      },
      "geometry": {
        "type": "Polygon",
        "coordinates": [
          [
            [
              8.309197,
              47.050211
            ],
            [
              8.309225,
              47.050211
            ],
            [
              8.309225,
              47.050261
            ],
            [
              8.309197,
              47.050261
            ],
            [
              8.309197,
              47.050211
            ]
          ]
        ]
      }
    },
    {
      "type": "Feature",
      "id": "b-030-2-201",
      "properties": {
        "roomId": "b-030-2-201",
        "floorId": "b-030-2",
        "buildingId": "b-030",
        "nr": "201",
        "type": "Büro",
        "area": 24,
        "workspaces": 3,
        "groundElevation": 435.6,
        "baseHeight": 7,
        "topHeight": 10.5
      },
      "geometry": {
        "type": "Polygon",
        "coordinates": [
          [
            [
              8.308975,
              47.050139
            ],
            [
              8.309032,
              47.050139
            ],
            [
              8.309032,
              47.050189
            ],
            [
              8.308975,
              47.050189
            ],
            [
              8.308975,
              47.050139
            ]
          ]
        ]
      }
    },
    {
      "type": "Feature",
      "id": "b-030-2-203",
      "properties": {
        "roomId": "b-030-2-203",
        "floorId": "b-030-2",
        "buildingId": "b-030",
        "nr": "203",
        "type": "Büro",
        "area": 22,
        "workspaces": 3,
        "groundElevation": 435.6,
        "baseHeight": 7,
        "topHeight": 10.5
      },
      "geometry": {
        "type": "Polygon",
        "coordinates": [
          [
            [
              8.309036,
              47.050139
            ],
            [
              8.309089,
              47.050139
            ],
            [
              8.309089,
              47.050189
            ],
            [
              8.309036,
              47.050189
            ],
            [
              8.309036,
              47.050139
            ]
          ]
        ]
      }
    },
    {
      "type": "Feature",
      "id": "b-030-2-206",
      "properties": {
        "roomId": "b-030-2-206",
        "floorId": "b-030-2",
        "buildingId": "b-030",
        "nr": "206",
        "type": "Büro",
        "area": 16,
        "workspaces": 2,
        "groundElevation": 435.6,
        "baseHeight": 7,
        "topHeight": 10.5
      },
      "geometry": {
        "type": "Polygon",
        "coordinates": [
          [
            [
              8.309093,
              47.050139
            ],
            [
              8.309131,
              47.050139
            ],
            [
              8.309131,
              47.050189
            ],
            [
              8.309093,
              47.050189
            ],
            [
              8.309093,
              47.050139
            ]
          ]
        ]
      }
    },
    {
      "type": "Feature",
      "id": "b-030-2-207",
      "properties": {
        "roomId": "b-030-2-207",
        "floorId": "b-030-2",
        "buildingId": "b-030",
        "nr": "207",
        "type": "Sitzungszimmer",
        "area": 28,
        "workspaces": 0,
        "groundElevation": 435.6,
        "baseHeight": 7,
        "topHeight": 10.5
      },
      "geometry": {
        "type": "Polygon",
        "coordinates": [
          [
            [
              8.309135,
              47.050139
            ],
            [
              8.309202,
              47.050139
            ],
            [
              8.309202,
              47.050189
            ],
            [
              8.309135,
              47.050189
            ],
            [
              8.309135,
              47.050139
            ]
          ]
        ]
      }
    },
    {
      "type": "Feature",
      "id": "b-030-2-211",
      "properties": {
        "roomId": "b-030-2-211",
        "floorId": "b-030-2",
        "buildingId": "b-030",
        "nr": "211",
        "type": "WC",
        "area": 10,
        "workspaces": 0,
        "groundElevation": 435.6,
        "baseHeight": 7,
        "topHeight": 10.5
      },
      "geometry": {
        "type": "Polygon",
        "coordinates": [
          [
            [
              8.309206,
              47.050139
            ],
            [
              8.30923,
              47.050139
            ],
            [
              8.30923,
              47.050189
            ],
            [
              8.309206,
              47.050189
            ],
            [
              8.309206,
              47.050139
            ]
          ]
        ]
      }
    },
    {
      "type": "Feature",
      "id": "b-030-2-210",
      "properties": {
        "roomId": "b-030-2-210",
        "floorId": "b-030-2",
        "buildingId": "b-030",
        "nr": "210",
        "type": "Korridor",
        "area": 20,
        "workspaces": 0,
        "groundElevation": 435.6,
        "baseHeight": 7,
        "topHeight": 10.5
      },
      "geometry": {
        "type": "Polygon",
        "coordinates": [
          [
            [
              8.308975,
              47.050189
            ],
            [
              8.30908,
              47.050189
            ],
            [
              8.30908,
              47.050211
            ],
            [
              8.308975,
              47.050211
            ],
            [
              8.308975,
              47.050189
            ]
          ]
        ]
      }
    },
    {
      "type": "Feature",
      "id": "b-2011-4-401",
      "properties": {
        "roomId": "b-2011-4-401",
        "floorId": "b-2011-4",
        "buildingId": "b-2011",
        "nr": "401",
        "type": "Nebenraum",
        "area": 12,
        "workspaces": 0,
        "groundElevation": 560,
        "baseHeight": 14,
        "topHeight": 17.5
      },
      "geometry": {
        "type": "Polygon",
        "coordinates": [
          [
            [
              7.3871730427,
              46.9461191894
            ],
            [
              7.3871649591,
              46.9461182094
            ],
            [
              7.3871646729,
              46.9461193166
            ],
            [
              7.3871439788,
              46.9461168079
            ],
            [
              7.3871474016,
              46.946103566
            ],
            [
              7.3871603354,
              46.9461051339
            ],
            [
              7.3871602438,
              46.9461054882
            ],
            [
              7.387163154,
              46.946105841
            ],
            [
              7.3871693433,
              46.9460818962
            ],
            [
              7.3871664332,
              46.9460815434
            ],
            [
              7.3871603354,
              46.9461051339
            ],
            [
              7.3871474016,
              46.946103566
            ],
            [
              7.3871566855,
              46.9460676489
            ],
            [
              7.3871773796,
              46.9460701576
            ],
            [
              7.3871770934,
              46.9460712648
            ],
            [
              7.3871851771,
              46.9460722447
            ],
            [
              7.3871730427,
              46.9461191894
            ]
          ]
        ]
      }
    },
    {
      "type": "Feature",
      "id": "b-2011-4-402",
      "properties": {
        "roomId": "b-2011-4-402",
        "floorId": "b-2011-4",
        "buildingId": "b-2011",
        "nr": "402",
        "type": "Saal",
        "area": 2480,
        "workspaces": 0,
        "groundElevation": 560,
        "baseHeight": 14,
        "topHeight": 17.5
      },
      "geometry": {
        "type": "Polygon",
        "coordinates": [
          [
            [
              7.3876943256,
              46.9463924865
            ],
            [
              7.3876935177,
              46.9463956121
            ],
            [
              7.3876124865,
              46.9463857905
            ],
            [
              7.3876126651,
              46.9463850996
            ],
            [
              7.3876028353,
              46.946383908
            ],
            [
              7.3876034649,
              46.9463814722
            ],
            [
              7.387596998,
              46.9463806883
            ],
            [
              7.3875964828,
              46.9463826812
            ],
            [
              7.3875056222,
              46.9463716669
            ],
            [
              7.3875061373,
              46.946369674
            ],
            [
              7.3871123004,
              46.9463219313
            ],
            [
              7.3871112701,
              46.9463259172
            ],
            [
              7.3871170904,
              46.9463266228
            ],
            [
              7.3871181206,
              46.9463226369
            ],
            [
              7.3872093045,
              46.9463336907
            ],
            [
              7.3872082742,
              46.9463376766
            ],
            [
              7.3872140945,
              46.9463383822
            ],
            [
              7.3872151247,
              46.9463343963
            ],
            [
              7.3873063086,
              46.94634545
            ],
            [
              7.3873052784,
              46.9463494359
            ],
            [
              7.3873110986,
              46.9463501415
            ],
            [
              7.3873121289,
              46.9463461556
            ],
            [
              7.3874033128,
              46.9463572093
            ],
            [
              7.3874022826,
              46.9463611951
            ],
            [
              7.3874081028,
              46.9463619007
            ],
            [
              7.3874091331,
              46.9463579148
            ],
            [
              7.387500317,
              46.9463689684
            ],
            [
              7.3874992868,
              46.9463729543
            ],
            [
              7.387505107,
              46.9463736598
            ],
            [
              7.3875056222,
              46.9463716669
            ],
            [
              7.3875964828,
              46.9463826812
            ],
            [
              7.3875959677,
              46.9463846742
            ],
            [
              7.3875977138,
              46.9463848858
            ],
            [
              7.3875941423,
              46.9463987035
            ],
            [
              7.3870881683,
              46.9463373673
            ],
            [
              7.3871446849,
              46.9461187205
            ],
            [
              7.387164215,
              46.9461210881
            ],
            [
              7.3871639288,
              46.9461221953
            ],
            [
              7.3871752459,
              46.9461235672
            ],
            [
              7.3871894408,
              46.9460686509
            ],
            [
              7.3871781237,
              46.9460672789
            ],
            [
              7.3871778375,
              46.9460683861
            ],
            [
              7.3871583075,
              46.9460660186
            ],
            [
              7.3872148235,
              46.9458473717
            ],
            [
              7.3878195756,
              46.9459206818
            ],
            [
              7.387816011,
              46.945934473
            ],
            [
              7.3878160042,
              46.9459344996
            ],
            [
              7.3872307819,
              46.945863557
            ],
            [
              7.3872297517,
              46.9458675428
            ],
            [
              7.3872355719,
              46.9458682484
            ],
            [
              7.3872366021,
              46.9458642625
            ],
            [
              7.3873277852,
              46.9458753163
            ],
            [
              7.387326755,
              46.9458793021
            ],
            [
              7.3873325752,
              46.9458800077
            ],
            [
              7.3873336054,
              46.9458760218
            ],
            [
              7.3874247886,
              46.9458870755
            ],
            [
              7.3874237583,
              46.9458910613
            ],
            [
              7.3874295785,
              46.9458917669
            ],
            [
              7.3874306088,
              46.945887781
            ],
            [
              7.3875217919,
              46.9458988346
            ],
            [
              7.3875207617,
              46.9459028205
            ],
            [
              7.3875265819,
              46.945903526
            ],
            [
              7.3875276121,
              46.9458995401
            ],
            [
              7.3876187954,
              46.9459105936
            ],
            [
              7.3876177651,
              46.9459145795
            ],
            [
              7.3876235853,
              46.945915285
            ],
            [
              7.3876246156,
              46.9459112992
            ],
            [
              7.3877154755,
              46.9459223134
            ],
            [
              7.3877144452,
              46.9459262993
            ],
            [
              7.3877209121,
              46.9459270832
            ],
            [
              7.3877219424,
              46.9459230973
            ],
            [
              7.3878128023,
              46.9459341115
            ],
            [
              7.3878117721,
              46.9459380974
            ],
            [
              7.3878149049,
              46.9459384771
            ],
            [
              7.3878027712,
              46.9459854218
            ],
            [
              7.3872176174,
              46.9459144875
            ],
            [
              7.3872165871,
              46.9459184733
            ],
            [
              7.3872224073,
              46.9459191789
            ],
            [
              7.3872234376,
              46.945915193
            ],
            [
              7.3873142974,
              46.9459262076
            ],
            [
              7.3873132672,
              46.9459301934
            ],
            [
              7.3873197341,
              46.9459309774
            ],
            [
              7.3873207643,
              46.9459269915
            ],
            [
              7.3874113009,
              46.9459379668
            ],
            [
              7.3874102706,
              46.9459419527
            ],
            [
              7.3874167375,
              46.9459427366
            ],
            [
              7.3874177678,
              46.9459387507
            ],
            [
              7.3875083043,
              46.9459497259
            ],
            [
              7.3875072741,
              46.9459537118
            ],
            [
              7.387513741,
              46.9459544957
            ],
            [
              7.3875147712,
              46.9459505099
            ],
            [
              7.3876053079,
              46.945961485
            ],
            [
              7.3876042776,
              46.9459654709
            ],
            [
              7.3876107445,
              46.9459662548
            ],
            [
              7.3876117748,
              46.9459622689
            ],
            [
              7.3877016647,
              46.9459731656
            ],
            [
              7.3877006345,
              46.9459771514
            ],
            [
              7.3877083948,
              46.9459780922
            ],
            [
              7.387709425,
              46.9459741063
            ],
            [
              7.387799315,
              46.9459850029
            ],
            [
              7.3877982848,
              46.9459889887
            ],
            [
              7.3878018635,
              46.9459894225
            ],
            [
              7.3877897297,
              46.9460363672
            ],
            [
              7.3872044529,
              46.9459654179
            ],
            [
              7.3872034226,
              46.9459694038
            ],
            [
              7.3872092428,
              46.9459701094
            ],
            [
              7.3872102731,
              46.9459661235
            ],
            [
              7.387301133,
              46.9459771381
            ],
            [
              7.3873001027,
              46.9459811239
            ],
            [
              7.3873065696,
              46.9459819079
            ],
            [
              7.3873075999,
              46.945977922
            ],
            [
              7.3873981365,
              46.9459888973
            ],
            [
              7.3873971063,
              46.9459928832
            ],
            [
              7.3874035732,
              46.9459936671
            ],
            [
              7.3874046034,
              46.9459896812
            ],
            [
              7.3874951401,
              46.9460006565
            ],
            [
              7.3874941098,
              46.9460046423
            ],
            [
              7.3875005767,
              46.9460054263
            ],
            [
              7.387501607,
              46.9460014404
            ],
            [
              7.3875921437,
              46.9460124155
            ],
            [
              7.3875911134,
              46.9460164014
            ],
            [
              7.3875975803,
              46.9460171853
            ],
            [
              7.3875986106,
              46.9460131995
            ],
            [
              7.3876885006,
              46.9460240961
            ],
            [
              7.3876874704,
              46.946028082
            ],
            [
              7.3876952307,
              46.9460290227
            ],
            [
              7.3876962609,
              46.9460250368
            ],
            [
              7.387786151,
              46.9460359334
            ],
            [
              7.3877851208,
              46.9460399193
            ],
            [
              7.3877887266,
              46.9460403564
            ],
            [
              7.3877888706,
              46.9460403738
            ],
            [
              7.3877888647,
              46.9460404005
            ],
            [
              7.3877767378,
              46.9460873186
            ],
            [
              7.3871912883,
              46.9460163484
            ],
            [
              7.387190258,
              46.9460203343
            ],
            [
              7.3871960783,
              46.9460210399
            ],
            [
              7.3871971085,
              46.946017054
            ],
            [
              7.3872879685,
              46.9460280686
            ],
            [
              7.3872869383,
              46.9460320544
            ],
            [
              7.3872934052,
              46.9460328384
            ],
            [
              7.3872944354,
              46.9460288525
            ],
            [
              7.3873849721,
              46.9460398278
            ],
            [
              7.3873839419,
              46.9460438137
            ],
            [
              7.3873904088,
              46.9460445976
            ],
            [
              7.387391439,
              46.9460406118
            ],
            [
              7.3874819758,
              46.946051587
            ],
            [
              7.3874809455,
              46.9460555728
            ],
            [
              7.3874874124,
              46.9460563568
            ],
            [
              7.3874884427,
              46.9460523709
            ],
            [
              7.3875789795,
              46.9460633461
            ],
            [
              7.3875779492,
              46.9460673319
            ],
            [
              7.3875844161,
              46.9460681159
            ],
            [
              7.3875854464,
              46.94606413
            ],
            [
              7.3876753365,
              46.9460750267
            ],
            [
              7.3876743063,
              46.9460790125
            ],
            [
              7.3876820666,
              46.9460799532
            ],
            [
              7.3876830968,
              46.9460759674
            ],
            [
              7.387772987,
              46.946086864
            ],
            [
              7.3877719567,
              46.9460908498
            ],
            [
              7.3877757076,
              46.9460913045
            ],
            [
              7.3877635737,
              46.9461382492
            ],
            [
              7.387274804,
              46.9460789991
            ],
            [
              7.3872737738,
              46.9460829849
            ],
            [
              7.3872802407,
              46.9460837689
            ],
            [
              7.3872812709,
              46.946079783
            ],
            [
              7.3873718077,
              46.9460907583
            ],
            [
              7.3873707775,
              46.9460947442
            ],
            [
              7.3873772444,
              46.9460955281
            ],
            [
              7.3873782746,
              46.9460915423
            ],
            [
              7.3874688115,
              46.9461025175
            ],
            [
              7.3874677812,
              46.9461065034
            ],
            [
              7.3874742481,
              46.9461072873
            ],
            [
              7.3874752784,
              46.9461033014
            ],
            [
              7.3875658152,
              46.9461142766
            ],
            [
              7.387564785,
              46.9461182625
            ],
            [
              7.3875712519,
              46.9461190464
            ],
            [
              7.3875722822,
              46.9461150605
            ],
            [
              7.3876621724,
              46.9461259572
            ],
            [
              7.3876611421,
              46.9461299431
            ],
            [
              7.3876689024,
              46.9461308838
            ],
            [
              7.3876699327,
              46.9461268979
            ],
            [
              7.3877598229,
              46.9461377945
            ],
            [
              7.3877587927,
              46.9461417804
            ],
            [
              7.3877619938,
              46.9461421684
            ],
            [
              7.38774986,
              46.9461891131
            ],
            [
              7.3876490082,
              46.9461768877
            ],
            [
              7.3876060031,
              46.9461716746
            ],
            [
              7.3876100669,
              46.9461559526
            ],
            [
              7.3875447509,
              46.9461480348
            ],
            [
              7.3875424386,
              46.9461569809
            ],
            [
              7.3875408865,
              46.9461567927
            ],
            [
              7.3875402455,
              46.9461592728
            ],
            [
              7.3875077815,
              46.9461553374
            ],
            [
              7.3875084226,
              46.9461528573
            ],
            [
              7.3875010503,
              46.9461519636
            ],
            [
              7.3875029047,
              46.9461447891
            ],
            [
              7.3875080785,
              46.9461454151
            ],
            [
              7.3875085361,
              46.9461436447
            ],
            [
              7.3875007758,
              46.946142704
            ],
            [
              7.3874984635,
              46.9461516501
            ],
            [
              7.3874969114,
              46.9461514619
            ],
            [
              7.3874962704,
              46.946153942
            ],
            [
              7.3874632244,
              46.9461499361
            ],
            [
              7.3874638655,
              46.946147456
            ],
            [
              7.3874622487,
              46.94614726
            ],
            [
              7.3874645611,
              46.9461383139
            ],
            [
              7.3874558307,
              46.9461372556
            ],
            [
              7.3874552584,
              46.94613947
            ],
            [
              7.3874555817,
              46.9461395092
            ],
            [
              7.3874453936,
              46.946178925
            ],
            [
              7.3874421884,
              46.9461913255
            ],
            [
              7.3875961013,
              46.9462099832
            ],
            [
              7.3875993065,
              46.9461975827
            ],
            [
              7.3876029696,
              46.9461834108
            ],
            [
              7.3876060031,
              46.9461716746
            ],
            [
              7.3876490082,
              46.9461768877
            ],
            [
              7.387647978,
              46.9461808736
            ],
            [
              7.3876557383,
              46.9461818143
            ],
            [
              7.3876567685,
              46.9461778285
            ],
            [
              7.3877466588,
              46.9461887251
            ],
            [
              7.3877456286,
              46.9461927109
            ],
            [
              7.3877493794,
              46.9461931656
            ],
            [
              7.3877372456,
              46.9462401103
            ],
            [
              7.3873519457,
              46.9461934033
            ],
            [
              7.3873651102,
              46.9461424728
            ],
            [
              7.3872616395,
              46.9461299296
            ],
            [
              7.3872606092,
              46.9461339154
            ],
            [
              7.3872670761,
              46.9461346994
            ],
            [
              7.3872681064,
              46.9461307135
            ],
            [
              7.3873586433,
              46.9461416888
            ],
            [
              7.387357613,
              46.9461456747
            ],
            [
              7.3873640799,
              46.9461464586
            ],
            [
              7.3873519457,
              46.9461934033
            ],
            [
              7.3871517945,
              46.9461691399
            ],
            [
              7.3871507642,
              46.9461731258
            ],
            [
              7.3871565844,
              46.9461738313
            ],
            [
              7.3871576147,
              46.9461698455
            ],
            [
              7.387248475,
              46.9461808601
            ],
            [
              7.3872474447,
              46.9461848459
            ],
            [
              7.3872539116,
              46.9461856299
            ],
            [
              7.3872549419,
              46.946181644
            ],
            [
              7.3873454788,
              46.9461926193
            ],
            [
              7.3873444486,
              46.9461966052
            ],
            [
              7.3873509155,
              46.9461973892
            ],
            [
              7.3873519457,
              46.9461934033
            ],
            [
              7.3874424827,
              46.9462043785
            ],
            [
              7.3874414525,
              46.9462083644
            ],
            [
              7.3874479194,
              46.9462091483
            ],
            [
              7.3874489497,
              46.9462051625
            ],
            [
              7.3875394867,
              46.9462161376
            ],
            [
              7.3875384564,
              46.9462201235
            ],
            [
              7.3875449234,
              46.9462209075
            ],
            [
              7.3875459536,
              46.9462169216
            ],
            [
              7.387635844,
              46.9462278183
            ],
            [
              7.3876348138,
              46.9462318042
            ],
            [
              7.3876425741,
              46.9462327449
            ],
            [
              7.3876436043,
              46.946228759
            ],
            [
              7.3877334947,
              46.9462396556
            ],
            [
              7.3877324645,
              46.9462436415
            ],
            [
              7.3877362165,
              46.9462440963
            ],
            [
              7.3877240826,
              46.946291041
            ],
            [
              7.3871386298,
              46.9462200704
            ],
            [
              7.3871375995,
              46.9462240562
            ],
            [
              7.3871434198,
              46.9462247618
            ],
            [
              7.38714445,
              46.9462207759
            ],
            [
              7.3872353104,
              46.9462317906
            ],
            [
              7.3872342801,
              46.9462357764
            ],
            [
              7.387240747,
              46.9462365604
            ],
            [
              7.3872417773,
              46.9462325745
            ],
            [
              7.3873323143,
              46.9462435498
            ],
            [
              7.3873312841,
              46.9462475357
            ],
            [
              7.387337751,
              46.9462483197
            ],
            [
              7.3873387813,
              46.9462443338
            ],
            [
              7.3874293183,
              46.946255309
            ],
            [
              7.3874282881,
              46.9462592949
            ],
            [
              7.387434755,
              46.9462600789
            ],
            [
              7.3874357853,
              46.946256093
            ],
            [
              7.3875263224,
              46.9462670682
            ],
            [
              7.3875252921,
              46.946271054
            ],
            [
              7.3875317591,
              46.946271838
            ],
            [
              7.3875327893,
              46.9462678521
            ],
            [
              7.3876226798,
              46.9462787488
            ],
            [
              7.3876216495,
              46.9462827347
            ],
            [
              7.3876294099,
              46.9462836754
            ],
            [
              7.3876304401,
              46.9462796895
            ],
            [
              7.3877203306,
              46.9462905862
            ],
            [
              7.3877193004,
              46.946294572
            ],
            [
              7.387723049,
              46.9462950265
            ],
            [
              7.387710915,
              46.9463419711
            ],
            [
              7.3871254651,
              46.9462710009
            ],
            [
              7.3871244348,
              46.9462749867
            ],
            [
              7.3871302551,
              46.9462756923
            ],
            [
              7.3871312854,
              46.9462717064
            ],
            [
              7.3872221458,
              46.946282721
            ],
            [
              7.3872211155,
              46.9462867069
            ],
            [
              7.3872275824,
              46.9462874909
            ],
            [
              7.3872286127,
              46.946283505
            ],
            [
              7.3873191498,
              46.9462944803
            ],
            [
              7.3873181196,
              46.9462984662
            ],
            [
              7.3873245865,
              46.9462992502
            ],
            [
              7.3873256168,
              46.9462952643
            ],
            [
              7.3874161539,
              46.9463062396
            ],
            [
              7.3874151237,
              46.9463102254
            ],
            [
              7.3874215906,
              46.9463110094
            ],
            [
              7.3874226209,
              46.9463070235
            ],
            [
              7.3875131581,
              46.9463179987
            ],
            [
              7.3875121278,
              46.9463219846
            ],
            [
              7.3875185947,
              46.9463227685
            ],
            [
              7.387519625,
              46.9463187826
            ],
            [
              7.3876095155,
              46.9463296794
            ],
            [
              7.3876084853,
              46.9463336652
            ],
            [
              7.3876162456,
              46.9463346059
            ],
            [
              7.3876172759,
              46.9463306201
            ],
            [
              7.3877071664,
              46.9463415167
            ],
            [
              7.3877061362,
              46.9463455026
            ],
            [
              7.387709887,
              46.9463459573
            ],
            [
              7.3876977531,
              46.9463929019
            ],
            [
              7.3876943256,
              46.9463924865
            ],
            [
              7.3876943256,
              46.9463924865
            ]
          ]
        ]
      }
    },
    {
      "type": "Feature",
      "id": "b-2011-4-403",
      "properties": {
        "roomId": "b-2011-4-403",
        "floorId": "b-2011-4",
        "buildingId": "b-2011",
        "nr": "403",
        "type": "Schacht",
        "area": 2,
        "workspaces": 0,
        "groundElevation": 560,
        "baseHeight": 14,
        "topHeight": 17.5
      },
      "geometry": {
        "type": "Polygon",
        "coordinates": [
          [
            [
              7.3874607553,
              46.9461401363
            ],
            [
              7.3874505672,
              46.9461795521
            ],
            [
              7.3874453936,
              46.946178925
            ],
            [
              7.3874555817,
              46.9461395092
            ],
            [
              7.3874607553,
              46.9461401363
            ]
          ]
        ]
      }
    },
    {
      "type": "Feature",
      "id": "b-2011-4-404",
      "properties": {
        "roomId": "b-2011-4-404",
        "floorId": "b-2011-4",
        "buildingId": "b-2011",
        "nr": "404",
        "type": "Nebenraum",
        "area": 10,
        "workspaces": 0,
        "groundElevation": 560,
        "baseHeight": 14,
        "topHeight": 17.5
      },
      "geometry": {
        "type": "Polygon",
        "coordinates": [
          [
            [
              7.3875003176,
              46.946154798
            ],
            [
              7.3874926022,
              46.9461846478
            ],
            [
              7.3874538006,
              46.9461799441
            ],
            [
              7.3874615161,
              46.9461500944
            ],
            [
              7.3875003176,
              46.946154798
            ]
          ]
        ]
      }
    },
    {
      "type": "Feature",
      "id": "b-2011-4-405",
      "properties": {
        "roomId": "b-2011-4-405",
        "floorId": "b-2011-4",
        "buildingId": "b-2011",
        "nr": "405",
        "type": "Nebenraum",
        "area": 10,
        "workspaces": 0,
        "groundElevation": 560,
        "baseHeight": 14,
        "topHeight": 17.5
      },
      "geometry": {
        "type": "Polygon",
        "coordinates": [
          [
            [
              7.3875339905,
              46.946189665
            ],
            [
              7.387495189,
              46.9461849613
            ],
            [
              7.3875029044,
              46.9461551116
            ],
            [
              7.387541706,
              46.9461598153
            ],
            [
              7.3875339905,
              46.946189665
            ]
          ]
        ]
      }
    },
    {
      "type": "Feature",
      "id": "b-2011-4-406",
      "properties": {
        "roomId": "b-2011-4-406",
        "floorId": "b-2011-4",
        "buildingId": "b-2011",
        "nr": "406",
        "type": "Nebenraum",
        "area": 11,
        "workspaces": 0,
        "groundElevation": 560,
        "baseHeight": 14,
        "topHeight": 17.5
      },
      "geometry": {
        "type": "Polygon",
        "coordinates": [
          [
            [
              7.387586328,
              46.9461549019
            ],
            [
              7.3875759111,
              46.9461952034
            ],
            [
              7.3875371095,
              46.9461904998
            ],
            [
              7.3875452142,
              46.9461591443
            ],
            [
              7.387558148,
              46.9461607122
            ],
            [
              7.3875523328,
              46.9461832102
            ],
            [
              7.3875652667,
              46.9461847781
            ],
            [
              7.3875709903,
              46.9461626344
            ],
            [
              7.3875580564,
              46.9461610665
            ],
            [
              7.387558148,
              46.9461607122
            ],
            [
              7.3875452142,
              46.9461591443
            ],
            [
              7.3875475265,
              46.9461501983
            ],
            [
              7.387586328,
              46.9461549019
            ]
          ]
        ]
      }
    },
    {
      "type": "Feature",
      "id": "b-2011-4-407",
      "properties": {
        "roomId": "b-2011-4-407",
        "floorId": "b-2011-4",
        "buildingId": "b-2011",
        "nr": "407",
        "type": "Schacht",
        "area": 3,
        "workspaces": 0,
        "groundElevation": 560,
        "baseHeight": 14,
        "topHeight": 17.5
      },
      "geometry": {
        "type": "Polygon",
        "coordinates": [
          [
            [
              7.387605291,
              46.9461576574
            ],
            [
              7.3875993385,
              46.9461806868
            ],
            [
              7.3875834945,
              46.9461787662
            ],
            [
              7.387589447,
              46.9461557367
            ],
            [
              7.387605291,
              46.9461576574
            ]
          ]
        ]
      }
    },
    {
      "type": "Feature",
      "id": "b-2011-4-408",
      "properties": {
        "roomId": "b-2011-4-408",
        "floorId": "b-2011-4",
        "buildingId": "b-2011",
        "nr": "408",
        "type": "Schacht",
        "area": 2,
        "workspaces": 0,
        "groundElevation": 560,
        "baseHeight": 14,
        "topHeight": 17.5
      },
      "geometry": {
        "type": "Polygon",
        "coordinates": [
          [
            [
              7.3876029696,
              46.9461834108
            ],
            [
              7.3875993065,
              46.9461975827
            ],
            [
              7.3875792591,
              46.9461951525
            ],
            [
              7.3875829221,
              46.9461809806
            ],
            [
              7.3876029696,
              46.9461834108
            ]
          ]
        ]
      }
    },
    {
      "type": "Feature",
      "id": "b-2011-4-409",
      "properties": {
        "roomId": "b-2011-4-409",
        "floorId": "b-2011-4",
        "buildingId": "b-2011",
        "nr": "409",
        "type": "WC",
        "area": 5,
        "workspaces": 0,
        "groundElevation": 560,
        "baseHeight": 14,
        "topHeight": 17.5
      },
      "geometry": {
        "type": "Polygon",
        "coordinates": [
          [
            [
              7.3875964707,
              46.9461995227
            ],
            [
              7.3875941813,
              46.9462083802
            ],
            [
              7.3875327455,
              46.9462009328
            ],
            [
              7.3875350349,
              46.9461920753
            ],
            [
              7.3875964707,
              46.9461995227
            ]
          ]
        ]
      }
    },
    {
      "type": "Feature",
      "id": "b-2011-4-410",
      "properties": {
        "roomId": "b-2011-4-410",
        "floorId": "b-2011-4",
        "buildingId": "b-2011",
        "nr": "410",
        "type": "WC",
        "area": 7,
        "workspaces": 0,
        "groundElevation": 560,
        "baseHeight": 14,
        "topHeight": 17.5
      },
      "geometry": {
        "type": "Polygon",
        "coordinates": [
          [
            [
              7.3875330948,
              46.9461918401
            ],
            [
              7.3875308054,
              46.9462006976
            ],
            [
              7.3874441486,
              46.9461901928
            ],
            [
              7.387446438,
              46.9461813353
            ],
            [
              7.3875330948,
              46.9461918401
            ]
          ]
        ]
      }
    },
    {
      "type": "Feature",
      "id": "b-2011-4-411",
      "properties": {
        "roomId": "b-2011-4-411",
        "floorId": "b-2011-4",
        "buildingId": "b-2011",
        "nr": "411",
        "type": "Schacht",
        "area": 0,
        "workspaces": 0,
        "groundElevation": 560,
        "baseHeight": 14,
        "topHeight": 17.5
      },
      "geometry": {
        "type": "Polygon",
        "coordinates": [
          [
            [
              7.387610821,
              46.9463869314
            ],
            [
              7.3876096877,
              46.9463913161
            ],
            [
              7.3876096586,
              46.9463913126
            ],
            [
              7.3876012903,
              46.9463902982
            ],
            [
              7.3876012515,
              46.9463902935
            ],
            [
              7.3876024993,
              46.9463854659
            ],
            [
              7.3876109355,
              46.9463864886
            ],
            [
              7.387610821,
              46.9463869314
            ]
          ]
        ]
      }
    },
    {
      "type": "Feature",
      "id": "b-2011-4-412",
      "properties": {
        "roomId": "b-2011-4-412",
        "floorId": "b-2011-4",
        "buildingId": "b-2011",
        "nr": "412",
        "type": "Schacht",
        "area": 3,
        "workspaces": 0,
        "groundElevation": 560,
        "baseHeight": 14,
        "topHeight": 17.5
      },
      "geometry": {
        "type": "Polygon",
        "coordinates": [
          [
            [
              7.3876100992,
              46.9463923044
            ],
            [
              7.3876001527,
              46.9464307857
            ],
            [
              7.3875910699,
              46.9464296847
            ],
            [
              7.3876010164,
              46.9463912034
            ],
            [
              7.3876100992,
              46.9463923044
            ]
          ]
        ]
      }
    },
    {
      "type": "Feature",
      "id": "b-2011-4-413",
      "properties": {
        "roomId": "b-2011-4-413",
        "floorId": "b-2011-4",
        "buildingId": "b-2011",
        "nr": "413",
        "type": "Grossraumbüro",
        "area": 36,
        "workspaces": 6,
        "groundElevation": 560,
        "baseHeight": 14,
        "topHeight": 17.5
      },
      "geometry": {
        "type": "Polygon",
        "coordinates": [
          [
            [
              7.3876012464,
              46.9464318569
            ],
            [
              7.3876116634,
              46.9463915554
            ],
            [
              7.3876110167,
              46.946391477
            ],
            [
              7.3876124868,
              46.9463857895
            ],
            [
              7.3876935177,
              46.9463956121
            ],
            [
              7.3876932954,
              46.9463964723
            ],
            [
              7.3876962055,
              46.9463968251
            ],
            [
              7.3876949578,
              46.9464016524
            ],
            [
              7.3876920476,
              46.9464012997
            ],
            [
              7.3876816307,
              46.9464416012
            ],
            [
              7.387684545,
              46.9464419545
            ],
            [
              7.3876831689,
              46.9464472785
            ],
            [
              7.3875989003,
              46.9464370634
            ],
            [
              7.3876002764,
              46.9464317394
            ],
            [
              7.3876012464,
              46.9464318569
            ]
          ]
        ]
      }
    },
    {
      "type": "Feature",
      "id": "b-2011-4-414",
      "properties": {
        "roomId": "b-2011-4-414",
        "floorId": "b-2011-4",
        "buildingId": "b-2011",
        "nr": "414",
        "type": "Schacht",
        "area": 1,
        "workspaces": 0,
        "groundElevation": 560,
        "baseHeight": 14,
        "topHeight": 17.5
      },
      "geometry": {
        "type": "Polygon",
        "coordinates": [
          [
            [
              7.3876832385,
              46.9464404259
            ],
            [
              7.3876930881,
              46.9464023187
            ],
            [
              7.3876963798,
              46.9464027178
            ],
            [
              7.3876886474,
              46.9464326334
            ],
            [
              7.3876884915,
              46.9464321469
            ],
            [
              7.3876879703,
              46.9464317973
            ],
            [
              7.3876872195,
              46.9464315907
            ],
            [
              7.3876864724,
              46.9464315987
            ],
            [
              7.3876857387,
              46.9464318176
            ],
            [
              7.3876853525,
              46.9464322467
            ],
            [
              7.3876851038,
              46.9464332092
            ],
            [
              7.3876852774,
              46.946433708
            ],
            [
              7.3876858427,
              46.9464340682
            ],
            [
              7.3876865327,
              46.946434248
            ],
            [
              7.3876873725,
              46.9464342251
            ],
            [
              7.3876879928,
              46.946434031
            ],
            [
              7.3876883967,
              46.9464336035
            ],
            [
              7.3876864105,
              46.9464412877
            ],
            [
              7.3876831188,
              46.9464408887
            ],
            [
              7.3876832385,
              46.9464404259
            ]
          ]
        ]
      }
    },
    {
      "type": "Feature",
      "id": "b-2011-4-415",
      "properties": {
        "roomId": "b-2011-4-415",
        "floorId": "b-2011-4",
        "buildingId": "b-2011",
        "nr": "415",
        "type": "Grossraumbüro",
        "area": 31,
        "workspaces": 5,
        "groundElevation": 560,
        "baseHeight": 14,
        "topHeight": 17.5
      },
      "geometry": {
        "type": "Polygon",
        "coordinates": [
          [
            [
              7.3876831689,
              46.9464472785
            ],
            [
              7.3876845409,
              46.946441954
            ],
            [
              7.387687451,
              46.9464423068
            ],
            [
              7.3876978679,
              46.9464020052
            ],
            [
              7.3876949578,
              46.9464016524
            ],
            [
              7.3876962055,
              46.9463968251
            ],
            [
              7.3876991156,
              46.9463971779
            ],
            [
              7.3876991729,
              46.9463969564
            ],
            [
              7.3877690054,
              46.9464054261
            ],
            [
              7.3877559086,
              46.9464560961
            ],
            [
              7.3876831689,
              46.9464472785
            ]
          ]
        ]
      }
    },
    {
      "type": "Feature",
      "id": "b-2011-4-416",
      "properties": {
        "roomId": "b-2011-4-416",
        "floorId": "b-2011-4",
        "buildingId": "b-2011",
        "nr": "416",
        "type": "Schacht",
        "area": 1,
        "workspaces": 0,
        "groundElevation": 560,
        "baseHeight": 14,
        "topHeight": 17.5
      },
      "geometry": {
        "type": "Polygon",
        "coordinates": [
          [
            [
              7.3877907259,
              46.9464181944
            ],
            [
              7.3877849703,
              46.9464174967
            ],
            [
              7.3877878893,
              46.9464062034
            ],
            [
              7.3877908964,
              46.9464065679
            ],
            [
              7.3877904042,
              46.9464084723
            ],
            [
              7.3877931526,
              46.9464088054
            ],
            [
              7.3877907259,
              46.9464181944
            ]
          ]
        ]
      }
    },
    {
      "type": "Feature",
      "id": "b-2011-4-417",
      "properties": {
        "roomId": "b-2011-4-417",
        "floorId": "b-2011-4",
        "buildingId": "b-2011",
        "nr": "417",
        "type": "Schacht",
        "area": 1,
        "workspaces": 0,
        "groundElevation": 560,
        "baseHeight": 14,
        "topHeight": 17.5
      },
      "geometry": {
        "type": "Polygon",
        "coordinates": [
          [
            [
              7.3877904518,
              46.9464190998
            ],
            [
              7.3877904906,
              46.9464191045
            ],
            [
              7.3877878412,
              46.9464293548
            ],
            [
              7.3877820565,
              46.9464286536
            ],
            [
              7.3877820634,
              46.946428627
            ],
            [
              7.3877847059,
              46.9464184033
            ],
            [
              7.3877904518,
              46.9464190998
            ]
          ]
        ]
      }
    },
    {
      "type": "Feature",
      "id": "b-2011-4-418",
      "properties": {
        "roomId": "b-2011-4-418",
        "floorId": "b-2011-4",
        "buildingId": "b-2011",
        "nr": "418",
        "type": "Nebenraum",
        "area": 13,
        "workspaces": 0,
        "groundElevation": 560,
        "baseHeight": 14,
        "topHeight": 17.5
      },
      "geometry": {
        "type": "Polygon",
        "coordinates": [
          [
            [
              7.3878662315,
              46.9464388572
            ],
            [
              7.3878451385,
              46.9464363004
            ],
            [
              7.3878474279,
              46.9464274429
            ],
            [
              7.3878479452,
              46.9464275056
            ],
            [
              7.3878486778,
              46.9464246712
            ],
            [
              7.3878144254,
              46.9464205191
            ],
            [
              7.3878136928,
              46.9464233535
            ],
            [
              7.3878474279,
              46.9464274429
            ],
            [
              7.3878451385,
              46.9464363004
            ],
            [
              7.3877910747,
              46.9464297468
            ],
            [
              7.3877963861,
              46.9464091974
            ],
            [
              7.3878715429,
              46.9464183079
            ],
            [
              7.3878662315,
              46.9464388572
            ]
          ]
        ]
      }
    },
    {
      "type": "Feature",
      "id": "b-2011-4-419",
      "properties": {
        "roomId": "b-2011-4-419",
        "floorId": "b-2011-4",
        "buildingId": "b-2011",
        "nr": "419",
        "type": "Schacht",
        "area": 3,
        "workspaces": 0,
        "groundElevation": 560,
        "baseHeight": 14,
        "topHeight": 17.5
      },
      "geometry": {
        "type": "Polygon",
        "coordinates": [
          [
            [
              7.3878869236,
              46.9464201723
            ],
            [
              7.3878816122,
              46.9464407217
            ],
            [
              7.3878675249,
              46.946439014
            ],
            [
              7.3878728363,
              46.9464184647
            ],
            [
              7.3878869236,
              46.9464201723
            ]
          ]
        ]
      }
    },
    {
      "type": "Feature",
      "id": "b-2011-4-420",
      "properties": {
        "roomId": "b-2011-4-420",
        "floorId": "b-2011-4",
        "buildingId": "b-2011",
        "nr": "420",
        "type": "Nebenraum",
        "area": 10,
        "workspaces": 0,
        "groundElevation": 560,
        "baseHeight": 14,
        "topHeight": 17.5
      },
      "geometry": {
        "type": "Polygon",
        "coordinates": [
          [
            [
              7.3878845137,
              46.946442398
            ],
            [
              7.387890157,
              46.9464205643
            ],
            [
              7.3878929055,
              46.9464208974
            ],
            [
              7.3879415047,
              46.9464267886
            ],
            [
              7.3879358614,
              46.9464486223
            ],
            [
              7.3878845137,
              46.946442398
            ]
          ]
        ]
      }
    },
    {
      "type": "Feature",
      "id": "b-2011-4-421",
      "properties": {
        "roomId": "b-2011-4-421",
        "floorId": "b-2011-4",
        "buildingId": "b-2011",
        "nr": "421",
        "type": "Büro",
        "area": 17,
        "workspaces": 2,
        "groundElevation": 560,
        "baseHeight": 14,
        "topHeight": 17.5
      },
      "geometry": {
        "type": "Polygon",
        "coordinates": [
          [
            [
              7.3878505157,
              46.9464392359
            ],
            [
              7.3878434161,
              46.9464667037
            ],
            [
              7.3877802293,
              46.9464590442
            ],
            [
              7.3877806211,
              46.9464575283
            ],
            [
              7.3877814054,
              46.9464574979
            ],
            [
              7.3877820595,
              46.946457286
            ],
            [
              7.3877826232,
              46.9464568525
            ],
            [
              7.3877828444,
              46.9464564282
            ],
            [
              7.3877828092,
              46.9464558485
            ],
            [
              7.3877825285,
              46.9464554292
            ],
            [
              7.3877820141,
              46.9464550781
            ],
            [
              7.3877812477,
              46.9464548644
            ],
            [
              7.3877805698,
              46.9464548633
            ],
            [
              7.3877797718,
              46.9464550889
            ],
            [
              7.3877792796,
              46.9464554297
            ],
            [
              7.3877789642,
              46.9464559578
            ],
            [
              7.3877789649,
              46.9464564309
            ],
            [
              7.3877792838,
              46.9464569605
            ],
            [
              7.3877799053,
              46.946457356
            ],
            [
              7.3877805609,
              46.9464575216
            ],
            [
              7.387780621,
              46.9464575289
            ],
            [
              7.3877802293,
              46.9464590442
            ],
            [
              7.3877730555,
              46.9464581746
            ],
            [
              7.3877801552,
              46.9464307069
            ],
            [
              7.3878505157,
              46.9464392359
            ]
          ]
        ]
      }
    },
    {
      "type": "Feature",
      "id": "b-2011-4-422",
      "properties": {
        "roomId": "b-2011-4-422",
        "floorId": "b-2011-4",
        "buildingId": "b-2011",
        "nr": "422",
        "type": "Nebenraum",
        "area": 14,
        "workspaces": 0,
        "groundElevation": 560,
        "baseHeight": 14,
        "topHeight": 17.5
      },
      "geometry": {
        "type": "Polygon",
        "coordinates": [
          [
            [
              7.3879381431,
              46.946449858
            ],
            [
              7.3879325456,
              46.9464715146
            ],
            [
              7.3878597275,
              46.9464626877
            ],
            [
              7.3878653251,
              46.9464410311
            ],
            [
              7.3879381431,
              46.946449858
            ]
          ]
        ]
      }
    },
    {
      "type": "Feature",
      "id": "b-2011-4-423",
      "properties": {
        "roomId": "b-2011-4-423",
        "floorId": "b-2011-4",
        "buildingId": "b-2011",
        "nr": "423",
        "type": "Schacht",
        "area": 1,
        "workspaces": 0,
        "groundElevation": 560,
        "baseHeight": 14,
        "topHeight": 17.5
      },
      "geometry": {
        "type": "Polygon",
        "coordinates": [
          [
            [
              7.3879608785,
              46.9464347802
            ],
            [
              7.3879509094,
              46.9464733501
            ],
            [
              7.3879476177,
              46.9464729511
            ],
            [
              7.3879575868,
              46.9464343811
            ],
            [
              7.3879608785,
              46.9464347802
            ]
          ]
        ]
      }
    },
    {
      "type": "Feature",
      "id": "b-2011-4-424",
      "properties": {
        "roomId": "b-2011-4-424",
        "floorId": "b-2011-4",
        "buildingId": "b-2011",
        "nr": "424",
        "type": "Büro",
        "area": 24,
        "workspaces": 3,
        "groundElevation": 560,
        "baseHeight": 14,
        "topHeight": 17.5
      },
      "geometry": {
        "type": "Polygon",
        "coordinates": [
          [
            [
              7.3879742064,
              46.9464825418
            ],
            [
              7.3879499311,
              46.9464795992
            ],
            [
              7.3879513032,
              46.9464742908
            ],
            [
              7.3879519499,
              46.9464743692
            ],
            [
              7.3879623666,
              46.9464340676
            ],
            [
              7.3879617037,
              46.9464339872
            ],
            [
              7.3879624924,
              46.9464309358
            ],
            [
              7.3879626757,
              46.9464309581
            ],
            [
              7.3880201775,
              46.9464379283
            ],
            [
              7.3880076001,
              46.9464865897
            ],
            [
              7.3880068186,
              46.946486495
            ],
            [
              7.3879742064,
              46.9464825418
            ],
            [
              7.3879743983,
              46.9464819025
            ],
            [
              7.3879745699,
              46.9464810392
            ],
            [
              7.3879752504,
              46.9464810399
            ],
            [
              7.3879760424,
              46.9464808163
            ],
            [
              7.3879765876,
              46.9464804218
            ],
            [
              7.3879768534,
              46.9464799457
            ],
            [
              7.3879768242,
              46.9464793819
            ],
            [
              7.3879765014,
              46.946478912
            ],
            [
              7.3879758386,
              46.9464785193
            ],
            [
              7.3879752567,
              46.9464783819
            ],
            [
              7.3879744405,
              46.9464784007
            ],
            [
              7.3879737758,
              46.9464786089
            ],
            [
              7.3879732097,
              46.9464790327
            ],
            [
              7.3879729732,
              46.9464794754
            ],
            [
              7.387972995,
              46.9464800184
            ],
            [
              7.3879732961,
              46.9464804813
            ],
            [
              7.3879738279,
              46.9464808366
            ],
            [
              7.3879745699,
              46.9464810392
            ],
            [
              7.3879743983,
              46.9464819025
            ],
            [
              7.3879742064,
              46.9464825418
            ]
          ]
        ]
      }
    },
    {
      "type": "Feature",
      "id": "b-2011-4-425",
      "properties": {
        "roomId": "b-2011-4-425",
        "floorId": "b-2011-4",
        "buildingId": "b-2011",
        "nr": "425",
        "type": "Saal",
        "area": 81,
        "workspaces": 0,
        "groundElevation": 560,
        "baseHeight": 14,
        "topHeight": 17.5
      },
      "geometry": {
        "type": "Polygon",
        "coordinates": [
          [
            [
              7.3875861413,
              46.9464487526
            ],
            [
              7.3880277575,
              46.9465022852
            ],
            [
              7.3875861413,
              46.9464487526
            ],
            [
              7.3875908346,
              46.9464305948
            ],
            [
              7.3876002764,
              46.9464317394
            ],
            [
              7.3875989003,
              46.9464370634
            ],
            [
              7.3877559086,
              46.9464560961
            ],
            [
              7.3877690054,
              46.9464054261
            ],
            [
              7.3877861523,
              46.9464075047
            ],
            [
              7.3877730555,
              46.9464581746
            ],
            [
              7.3878434161,
              46.9464667037
            ],
            [
              7.3878505157,
              46.9464392359
            ],
            [
              7.3878646137,
              46.9464409449
            ],
            [
              7.3878653251,
              46.9464410311
            ],
            [
              7.3878597275,
              46.9464626877
            ],
            [
              7.3878787124,
              46.946464989
            ],
            [
              7.3878782522,
              46.9464666232
            ],
            [
              7.3878774108,
              46.9464666464
            ],
            [
              7.3878767883,
              46.946466842
            ],
            [
              7.3878763696,
              46.9464671095
            ],
            [
              7.3878759687,
              46.9464677166
            ],
            [
              7.3878759917,
              46.9464682632
            ],
            [
              7.387876316,
              46.9464687461
            ],
            [
              7.387876843,
              46.9464690867
            ],
            [
              7.3878775654,
              46.9464692804
            ],
            [
              7.3878783387,
              46.9464692686
            ],
            [
              7.387879031,
              46.9464690608
            ],
            [
              7.3878795375,
              46.946468711
            ],
            [
              7.3878798489,
              46.946468187
            ],
            [
              7.387879816,
              46.9464676133
            ],
            [
              7.387879519,
              46.9464671743
            ],
            [
              7.3878790709,
              46.9464668623
            ],
            [
              7.3878782522,
              46.9464666232
            ],
            [
              7.3878787124,
              46.946464989
            ],
            [
              7.3879325456,
              46.9464715146
            ],
            [
              7.3879381431,
              46.946449858
            ],
            [
              7.3879388545,
              46.9464499443
            ],
            [
              7.3879443364,
              46.946428735
            ],
            [
              7.3879624924,
              46.9464309358
            ],
            [
              7.3879617037,
              46.9464339872
            ],
            [
              7.3879565463,
              46.9464333621
            ],
            [
              7.3879461296,
              46.9464736637
            ],
            [
              7.3879513032,
              46.9464742908
            ],
            [
              7.3879499311,
              46.9464795992
            ],
            [
              7.3880076001,
              46.9464865897
            ],
            [
              7.3880201775,
              46.9464379283
            ],
            [
              7.3880436561,
              46.9464407743
            ],
            [
              7.3880277575,
              46.9465022852
            ],
            [
              7.3875861413,
              46.9464487526
            ]
          ]
        ]
      }
    },
    {
      "type": "Feature",
      "id": "b-2011-4-426",
      "properties": {
        "roomId": "b-2011-4-426",
        "floorId": "b-2011-4",
        "buildingId": "b-2011",
        "nr": "426",
        "type": "Schacht",
        "area": 1,
        "workspaces": 0,
        "groundElevation": 560,
        "baseHeight": 14,
        "topHeight": 17.5
      },
      "geometry": {
        "type": "Polygon",
        "coordinates": [
          [
            [
              7.3875909251,
              46.9464664858
            ],
            [
              7.3875864098,
              46.946483955
            ],
            [
              7.3875773269,
              46.946482854
            ],
            [
              7.3875818423,
              46.9464653848
            ],
            [
              7.3875909251,
              46.9464664858
            ]
          ]
        ]
      }
    },
    {
      "type": "Feature",
      "id": "b-2011-4-427",
      "properties": {
        "roomId": "b-2011-4-427",
        "floorId": "b-2011-4",
        "buildingId": "b-2011",
        "nr": "427",
        "type": "Büro",
        "area": 25,
        "workspaces": 3,
        "groundElevation": 560,
        "baseHeight": 14,
        "topHeight": 17.5
      },
      "geometry": {
        "type": "Polygon",
        "coordinates": [
          [
            [
              7.3876441035,
              46.9465016367
            ],
            [
              7.3876437801,
              46.9465015975
            ],
            [
              7.3875737429,
              46.9464931075
            ],
            [
              7.3875758492,
              46.9464849586
            ],
            [
              7.3875871664,
              46.9464863305
            ],
            [
              7.3875924893,
              46.9464657368
            ],
            [
              7.3875820775,
              46.9464644747
            ],
            [
              7.3875861413,
              46.9464487526
            ],
            [
              7.3876555964,
              46.9464571721
            ],
            [
              7.3876441035,
              46.9465016367
            ]
          ]
        ]
      }
    },
    {
      "type": "Feature",
      "id": "b-2011-4-428",
      "properties": {
        "roomId": "b-2011-4-428",
        "floorId": "b-2011-4",
        "buildingId": "b-2011",
        "nr": "428",
        "type": "Grossraumbüro",
        "area": 31,
        "workspaces": 5,
        "groundElevation": 560,
        "baseHeight": 14,
        "topHeight": 17.5
      },
      "geometry": {
        "type": "Polygon",
        "coordinates": [
          [
            [
              7.3877249363,
              46.9465114353
            ],
            [
              7.3876441035,
              46.9465016367
            ],
            [
              7.3876449449,
              46.9464983813
            ],
            [
              7.38765114,
              46.946498927
            ],
            [
              7.387651124,
              46.9464993239
            ],
            [
              7.3876514717,
              46.9464999415
            ],
            [
              7.3876520691,
              46.9465003203
            ],
            [
              7.3876527366,
              46.9465004908
            ],
            [
              7.3876535209,
              46.9465004772
            ],
            [
              7.3876542098,
              46.9465002676
            ],
            [
              7.3876547628,
              46.946499864
            ],
            [
              7.3876550202,
              46.9464993973
            ],
            [
              7.3876550059,
              46.9464988774
            ],
            [
              7.3876546954,
              46.9464983896
            ],
            [
              7.3876542174,
              46.9464980604
            ],
            [
              7.3876534235,
              46.9464978335
            ],
            [
              7.387652782,
              46.9464978284
            ],
            [
              7.3876519586,
              46.9464980528
            ],
            [
              7.3876513988,
              46.9464984586
            ],
            [
              7.38765114,
              46.946498927
            ],
            [
              7.3876449449,
              46.9464983813
            ],
            [
              7.3876555964,
              46.9464571721
            ],
            [
              7.3877364292,
              46.9464669707
            ],
            [
              7.3877249363,
              46.9465114353
            ]
          ]
        ]
      }
    },
    {
      "type": "Feature",
      "id": "b-2011-4-429",
      "properties": {
        "roomId": "b-2011-4-429",
        "floorId": "b-2011-4",
        "buildingId": "b-2011",
        "nr": "429",
        "type": "Büro",
        "area": 19,
        "workspaces": 2,
        "groundElevation": 560,
        "baseHeight": 14,
        "topHeight": 17.5
      },
      "geometry": {
        "type": "Polygon",
        "coordinates": [
          [
            [
              7.3877734429,
              46.9465173152
            ],
            [
              7.3877249363,
              46.9465114353
            ],
            [
              7.3877257788,
              46.9465081757
            ],
            [
              7.3877319771,
              46.9465087261
            ],
            [
              7.3877319655,
              46.9465091462
            ],
            [
              7.3877323139,
              46.9465097456
            ],
            [
              7.3877328191,
              46.9465100816
            ],
            [
              7.3877335738,
              46.9465102899
            ],
            [
              7.3877342889,
              46.9465102863
            ],
            [
              7.3877350477,
              46.9465100663
            ],
            [
              7.3877355647,
              46.9465097012
            ],
            [
              7.3877358573,
              46.9465091965
            ],
            [
              7.3877358199,
              46.946508611
            ],
            [
              7.3877355206,
              46.9465081772
            ],
            [
              7.3877350266,
              46.9465078462
            ],
            [
              7.3877342606,
              46.9465076327
            ],
            [
              7.3877334838,
              46.946507645
            ],
            [
              7.3877327986,
              46.9465078505
            ],
            [
              7.3877323197,
              46.9465081715
            ],
            [
              7.3877319771,
              46.9465087261
            ],
            [
              7.3877257788,
              46.9465081757
            ],
            [
              7.3877364292,
              46.9464669707
            ],
            [
              7.3877849357,
              46.9464728507
            ],
            [
              7.3877734429,
              46.9465173152
            ]
          ]
        ]
      }
    },
    {
      "type": "Feature",
      "id": "b-2011-4-430",
      "properties": {
        "roomId": "b-2011-4-430",
        "floorId": "b-2011-4",
        "buildingId": "b-2011",
        "nr": "430",
        "type": "Büro",
        "area": 19,
        "workspaces": 2,
        "groundElevation": 560,
        "baseHeight": 14,
        "topHeight": 17.5
      },
      "geometry": {
        "type": "Polygon",
        "coordinates": [
          [
            [
              7.3878219465,
              46.9465231948
            ],
            [
              7.3877734429,
              46.9465173152
            ],
            [
              7.3877849357,
              46.9464728507
            ],
            [
              7.3878334393,
              46.9464787302
            ],
            [
              7.3878228433,
              46.9465197252
            ],
            [
              7.3878166953,
              46.9465189919
            ],
            [
              7.3878166647,
              46.9465184303
            ],
            [
              7.3878163644,
              46.9465179827
            ],
            [
              7.3878157515,
              46.9465175967
            ],
            [
              7.3878150977,
              46.9465174317
            ],
            [
              7.3878143377,
              46.9465174416
            ],
            [
              7.3878136371,
              46.946517649
            ],
            [
              7.3878130917,
              46.9465180364
            ],
            [
              7.3878128142,
              46.9465185252
            ],
            [
              7.3878128288,
              46.9465190462
            ],
            [
              7.3878131387,
              46.9465195326
            ],
            [
              7.3878135918,
              46.9465198497
            ],
            [
              7.3878144109,
              46.946520089
            ],
            [
              7.3878151767,
              46.9465200783
            ],
            [
              7.3878158983,
              46.9465198589
            ],
            [
              7.3878164171,
              46.9465194842
            ],
            [
              7.3878166953,
              46.9465189919
            ],
            [
              7.3878228433,
              46.9465197252
            ],
            [
              7.3878219465,
              46.9465231948
            ]
          ]
        ]
      }
    },
    {
      "type": "Feature",
      "id": "b-2011-4-431",
      "properties": {
        "roomId": "b-2011-4-431",
        "floorId": "b-2011-4",
        "buildingId": "b-2011",
        "nr": "431",
        "type": "Nebenraum",
        "area": 13,
        "workspaces": 0,
        "groundElevation": 560,
        "baseHeight": 14,
        "topHeight": 17.5
      },
      "geometry": {
        "type": "Polygon",
        "coordinates": [
          [
            [
              7.38785428,
              46.9465271143
            ],
            [
              7.3878219465,
              46.9465231948
            ],
            [
              7.3878334393,
              46.9464787302
            ],
            [
              7.3878657728,
              46.9464826497
            ],
            [
              7.38785428,
              46.9465271143
            ]
          ]
        ]
      }
    },
    {
      "type": "Feature",
      "id": "b-2011-4-432",
      "properties": {
        "roomId": "b-2011-4-432",
        "floorId": "b-2011-4",
        "buildingId": "b-2011",
        "nr": "432",
        "type": "Nebenraum",
        "area": 13,
        "workspaces": 0,
        "groundElevation": 560,
        "baseHeight": 14,
        "topHeight": 17.5
      },
      "geometry": {
        "type": "Polygon",
        "coordinates": [
          [
            [
              7.3878866151,
              46.9465310339
            ],
            [
              7.38785428,
              46.9465271143
            ],
            [
              7.3878657728,
              46.9464826497
            ],
            [
              7.3878981052,
              46.9464865793
            ],
            [
              7.3878866151,
              46.9465310339
            ]
          ]
        ]
      }
    },
    {
      "type": "Feature",
      "id": "b-2011-4-433",
      "properties": {
        "roomId": "b-2011-4-433",
        "floorId": "b-2011-4",
        "buildingId": "b-2011",
        "nr": "433",
        "type": "Nebenraum",
        "area": 12,
        "workspaces": 0,
        "groundElevation": 560,
        "baseHeight": 14,
        "topHeight": 17.5
      },
      "geometry": {
        "type": "Polygon",
        "coordinates": [
          [
            [
              7.3879189498,
              46.9465349535
            ],
            [
              7.3878866151,
              46.9465310339
            ],
            [
              7.3878874781,
              46.9465276948
            ],
            [
              7.3878936514,
              46.9465283242
            ],
            [
              7.3878936727,
              46.9465288657
            ],
            [
              7.3878939804,
              46.9465293361
            ],
            [
              7.3878944615,
              46.9465296647
            ],
            [
              7.3878952481,
              46.946529888
            ],
            [
              7.3878959981,
              46.9465298796
            ],
            [
              7.3878967295,
              46.9465296608
            ],
            [
              7.3878972729,
              46.9465292627
            ],
            [
              7.3878975316,
              46.9465287945
            ],
            [
              7.3878975151,
              46.9465282674
            ],
            [
              7.387897205,
              46.946527785
            ],
            [
              7.3878966568,
              46.9465274243
            ],
            [
              7.3878959388,
              46.9465272312
            ],
            [
              7.3878951547,
              46.9465272436
            ],
            [
              7.3878944624,
              46.9465274536
            ],
            [
              7.3878939879,
              46.9465277754
            ],
            [
              7.3878936514,
              46.9465283242
            ],
            [
              7.3878874781,
              46.9465276948
            ],
            [
              7.3878981052,
              46.9464865793
            ],
            [
              7.3879304425,
              46.9464904889
            ],
            [
              7.3879189498,
              46.9465349535
            ]
          ]
        ]
      }
    },
    {
      "type": "Feature",
      "id": "b-2011-4-434",
      "properties": {
        "roomId": "b-2011-4-434",
        "floorId": "b-2011-4",
        "buildingId": "b-2011",
        "nr": "434",
        "type": "Nebenraum",
        "area": 13,
        "workspaces": 0,
        "groundElevation": 560,
        "baseHeight": 14,
        "topHeight": 17.5
      },
      "geometry": {
        "type": "Polygon",
        "coordinates": [
          [
            [
              7.3879512939,
              46.9465388742
            ],
            [
              7.3879189498,
              46.9465349535
            ],
            [
              7.3879304425,
              46.9464904889
            ],
            [
              7.3879627866,
              46.9464944096
            ],
            [
              7.3879512939,
              46.9465388742
            ]
          ]
        ]
      }
    },
    {
      "type": "Feature",
      "id": "b-2011-4-435",
      "properties": {
        "roomId": "b-2011-4-435",
        "floorId": "b-2011-4",
        "buildingId": "b-2011",
        "nr": "435",
        "type": "Nebenraum",
        "area": 12,
        "workspaces": 0,
        "groundElevation": 560,
        "baseHeight": 14,
        "topHeight": 17.5
      },
      "geometry": {
        "type": "Polygon",
        "coordinates": [
          [
            [
              7.3879836195,
              46.9465427926
            ],
            [
              7.3879512939,
              46.9465388742
            ],
            [
              7.3879627179,
              46.9464946753
            ],
            [
              7.3879627866,
              46.9464944096
            ],
            [
              7.3879951122,
              46.946498328
            ],
            [
              7.3879845163,
              46.9465393232
            ],
            [
              7.3879783725,
              46.9465385785
            ],
            [
              7.387978349,
              46.9465380564
            ],
            [
              7.3879780236,
              46.9465375661
            ],
            [
              7.387977429,
              46.9465371959
            ],
            [
              7.3879767721,
              46.9465370297
            ],
            [
              7.3879759787,
              46.9465370447
            ],
            [
              7.3879753203,
              46.9465372428
            ],
            [
              7.3879748103,
              46.9465375887
            ],
            [
              7.3879744886,
              46.9465381231
            ],
            [
              7.3879745075,
              46.9465386574
            ],
            [
              7.3879748051,
              46.9465391226
            ],
            [
              7.3879753328,
              46.9465394796
            ],
            [
              7.3879760853,
              46.9465396869
            ],
            [
              7.3879768603,
              46.9465396748
            ],
            [
              7.3879775787,
              46.9465394539
            ],
            [
              7.38797809,
              46.9465390837
            ],
            [
              7.3879783725,
              46.9465385785
            ],
            [
              7.3879845163,
              46.9465393232
            ],
            [
              7.3879836195,
              46.9465427926
            ]
          ]
        ]
      }
    },
    {
      "type": "Feature",
      "id": "b-2011-4-436",
      "properties": {
        "roomId": "b-2011-4-436",
        "floorId": "b-2011-4",
        "buildingId": "b-2011",
        "nr": "436",
        "type": "Saal",
        "area": 64,
        "workspaces": 0,
        "groundElevation": 560,
        "baseHeight": 14,
        "topHeight": 17.5
      },
      "geometry": {
        "type": "Polygon",
        "coordinates": [
          [
            [
              7.3881047055,
              46.946463962
            ],
            [
              7.3880967743,
              46.9464946474
            ],
            [
              7.388073858,
              46.9464917044
            ],
            [
              7.3880738404,
              46.9464911742
            ],
            [
              7.3880735232,
              46.946490687
            ],
            [
              7.388072974,
              46.9464903302
            ],
            [
              7.3880722613,
              46.9464901406
            ],
            [
              7.388071392,
              46.9464901689
            ],
            [
              7.3880707995,
              46.9464903584
            ],
            [
              7.3880703844,
              46.9464906221
            ],
            [
              7.3880699778,
              46.9464912341
            ],
            [
              7.3880700015,
              46.9464917826
            ],
            [
              7.3880702991,
              46.9464922384
            ],
            [
              7.3880708671,
              46.9464926106
            ],
            [
              7.3880715745,
              46.9464927979
            ],
            [
              7.3880724022,
              46.9464927771
            ],
            [
              7.3880730582,
              46.9464925695
            ],
            [
              7.3880736299,
              46.946492137
            ],
            [
              7.388073858,
              46.9464917044
            ],
            [
              7.3880967743,
              46.9464946474
            ],
            [
              7.3880812709,
              46.9465546297
            ],
            [
              7.3880564021,
              46.9465516151
            ],
            [
              7.3880569225,
              46.9465494858
            ],
            [
              7.3880577788,
              46.9465494599
            ],
            [
              7.3880583937,
              46.9465492636
            ],
            [
              7.388058914,
              46.9465488965
            ],
            [
              7.388059206,
              46.9465483924
            ],
            [
              7.3880591582,
              46.9465477813
            ],
            [
              7.3880588725,
              46.9465473761
            ],
            [
              7.3880584172,
              46.9465470623
            ],
            [
              7.3880576093,
              46.9465468286
            ],
            [
              7.3880568258,
              46.946546842
            ],
            [
              7.3880561489,
              46.9465470457
            ],
            [
              7.388055628,
              46.9465474072
            ],
            [
              7.3880553258,
              46.946547922
            ],
            [
              7.3880553245,
              46.9465483871
            ],
            [
              7.3880556509,
              46.94654893
            ],
            [
              7.3880562314,
              46.9465493055
            ],
            [
              7.3880569225,
              46.9465494858
            ],
            [
              7.3880564021,
              46.9465516151
            ],
            [
              7.3879836195,
              46.9465427926
            ],
            [
              7.3879951122,
              46.946498328
            ],
            [
              7.3880277575,
              46.9465022852
            ],
            [
              7.3880396995,
              46.9464560822
            ],
            [
              7.3881047055,
              46.946463962
            ]
          ]
        ]
      }
    },
    {
      "type": "Feature",
      "id": "b-2011-4-437",
      "properties": {
        "roomId": "b-2011-4-437",
        "floorId": "b-2011-4",
        "buildingId": "b-2011",
        "nr": "437",
        "type": "Büro",
        "area": 22,
        "workspaces": 2,
        "groundElevation": 560,
        "baseHeight": 14,
        "topHeight": 17.5
      },
      "geometry": {
        "type": "Polygon",
        "coordinates": [
          [
            [
              7.3881145726,
              46.9464257863
            ],
            [
              7.3881096163,
              46.9464449621
            ],
            [
              7.3880859014,
              46.946442012
            ],
            [
              7.3880858455,
              46.9464415836
            ],
            [
              7.3880857044,
              46.9464414007
            ],
            [
              7.3880852972,
              46.9464411539
            ],
            [
              7.3880849443,
              46.9464410701
            ],
            [
              7.388084482,
              46.946441077
            ],
            [
              7.3880840692,
              46.9464411999
            ],
            [
              7.3880837779,
              46.9464413952
            ],
            [
              7.3880835743,
              46.9464417262
            ],
            [
              7.3880835767,
              46.9464420175
            ],
            [
              7.3880837755,
              46.946442337
            ],
            [
              7.3880840687,
              46.9464425344
            ],
            [
              7.3880845323,
              46.9464426644
            ],
            [
              7.388085049,
              46.9464426484
            ],
            [
              7.3880854304,
              46.9464425236
            ],
            [
              7.3880857404,
              46.9464422967
            ],
            [
              7.3880859014,
              46.946442012
            ],
            [
              7.3881096163,
              46.9464449621
            ],
            [
              7.3881047055,
              46.946463962
            ],
            [
              7.3880396995,
              46.9464560822
            ],
            [
              7.3880495666,
              46.9464179065
            ],
            [
              7.3881145726,
              46.9464257863
            ]
          ]
        ]
      }
    },
    {
      "type": "Feature",
      "id": "b-2011-4-438",
      "properties": {
        "roomId": "b-2011-4-438",
        "floorId": "b-2011-4",
        "buildingId": "b-2011",
        "nr": "438",
        "type": "Büro",
        "area": 22,
        "workspaces": 2,
        "groundElevation": 560,
        "baseHeight": 14,
        "topHeight": 17.5
      },
      "geometry": {
        "type": "Polygon",
        "coordinates": [
          [
            [
              7.3881244454,
              46.9463875884
            ],
            [
              7.3881145726,
              46.9464257863
            ],
            [
              7.3880495666,
              46.9464179065
            ],
            [
              7.3880594398,
              46.9463797074
            ],
            [
              7.3880598405,
              46.9463797572
            ],
            [
              7.3880995973,
              46.9463845764
            ],
            [
              7.3880981082,
              46.9463901395
            ],
            [
              7.3880976778,
              46.9463901418
            ],
            [
              7.3880972259,
              46.9463902727
            ],
            [
              7.3880969455,
              46.9463904611
            ],
            [
              7.3880967381,
              46.9463907956
            ],
            [
              7.3880967396,
              46.9463910834
            ],
            [
              7.3880969435,
              46.9463914104
            ],
            [
              7.388097235,
              46.946391605
            ],
            [
              7.3880976961,
              46.9463917339
            ],
            [
              7.3880981982,
              46.9463916954
            ],
            [
              7.3880985777,
              46.946391601
            ],
            [
              7.3880988815,
              46.94639139
            ],
            [
              7.3880990662,
              46.9463910778
            ],
            [
              7.3880990456,
              46.9463907314
            ],
            [
              7.3880988529,
              46.9463904556
            ],
            [
              7.3880985678,
              46.9463902677
            ],
            [
              7.3880981082,
              46.9463901395
            ],
            [
              7.3880995973,
              46.9463845764
            ],
            [
              7.3881244454,
              46.9463875884
            ]
          ]
        ]
      }
    },
    {
      "type": "Feature",
      "id": "b-2011-4-439",
      "properties": {
        "roomId": "b-2011-4-439",
        "floorId": "b-2011-4",
        "buildingId": "b-2011",
        "nr": "439",
        "type": "Büro",
        "area": 22,
        "workspaces": 2,
        "groundElevation": 560,
        "baseHeight": 14,
        "topHeight": 17.5
      },
      "geometry": {
        "type": "Polygon",
        "coordinates": [
          [
            [
              7.3881343182,
              46.9463493904
            ],
            [
              7.3881244454,
              46.9463875884
            ],
            [
              7.3880598405,
              46.9463797572
            ],
            [
              7.3880594398,
              46.9463797074
            ],
            [
              7.3880693124,
              46.9463415106
            ],
            [
              7.3881343182,
              46.9463493904
            ]
          ]
        ]
      }
    },
    {
      "type": "Feature",
      "id": "b-2011-4-440",
      "properties": {
        "roomId": "b-2011-4-440",
        "floorId": "b-2011-4",
        "buildingId": "b-2011",
        "nr": "440",
        "type": "Nebenraum",
        "area": 14,
        "workspaces": 0,
        "groundElevation": 560,
        "baseHeight": 14,
        "topHeight": 17.5
      },
      "geometry": {
        "type": "Polygon",
        "coordinates": [
          [
            [
              7.3881409006,
              46.9463239232
            ],
            [
              7.3881343182,
              46.9463493904
            ],
            [
              7.388109407,
              46.9463463708
            ],
            [
              7.3881108599,
              46.9463408033
            ],
            [
              7.3881113582,
              46.9463407905
            ],
            [
              7.3881117475,
              46.9463406675
            ],
            [
              7.3881120835,
              46.9463404181
            ],
            [
              7.38811223,
              46.9463401472
            ],
            [
              7.3881121871,
              46.9463397495
            ],
            [
              7.3881120446,
              46.946339552
            ],
            [
              7.3881117708,
              46.9463393562
            ],
            [
              7.388111272,
              46.9463392089
            ],
            [
              7.3881107925,
              46.9463392185
            ],
            [
              7.3881103923,
              46.9463393408
            ],
            [
              7.3881100992,
              46.9463395402
            ],
            [
              7.3881099019,
              46.946339865
            ],
            [
              7.3881099064,
              46.9463401638
            ],
            [
              7.3881101053,
              46.9463404779
            ],
            [
              7.3881103845,
              46.9463406676
            ],
            [
              7.3881108599,
              46.9463408033
            ],
            [
              7.388109407,
              46.9463463708
            ],
            [
              7.3880693124,
              46.9463415106
            ],
            [
              7.3880758948,
              46.9463160434
            ],
            [
              7.3880762958,
              46.946316092
            ],
            [
              7.3881409006,
              46.9463239232
            ]
          ]
        ]
      }
    },
    {
      "type": "Feature",
      "id": "b-2011-4-441",
      "properties": {
        "roomId": "b-2011-4-441",
        "floorId": "b-2011-4",
        "buildingId": "b-2011",
        "nr": "441",
        "type": "Büro",
        "area": 22,
        "workspaces": 2,
        "groundElevation": 560,
        "baseHeight": 14,
        "topHeight": 17.5
      },
      "geometry": {
        "type": "Polygon",
        "coordinates": [
          [
            [
              7.3881507729,
              46.9462857272
            ],
            [
              7.3881409006,
              46.9463239232
            ],
            [
              7.3880762958,
              46.946316092
            ],
            [
              7.3880758948,
              46.9463160434
            ],
            [
              7.3880759,
              46.9463160232
            ],
            [
              7.3880857801,
              46.9462778489
            ],
            [
              7.388125888,
              46.9462827107
            ],
            [
              7.3881244357,
              46.9462882783
            ],
            [
              7.3881239705,
              46.9462882856
            ],
            [
              7.3881235647,
              46.9462884062
            ],
            [
              7.388123256,
              46.9462886164
            ],
            [
              7.3881230656,
              46.9462889344
            ],
            [
              7.388123067,
              46.9462892218
            ],
            [
              7.3881232724,
              46.9462895504
            ],
            [
              7.3881236175,
              46.9462897681
            ],
            [
              7.3881240237,
              46.9462898727
            ],
            [
              7.3881245483,
              46.9462898551
            ],
            [
              7.3881249186,
              46.9462897334
            ],
            [
              7.388125239,
              46.9462894969
            ],
            [
              7.3881253937,
              46.9462892166
            ],
            [
              7.3881253907,
              46.9462889229
            ],
            [
              7.3881251955,
              46.9462886087
            ],
            [
              7.3881248765,
              46.9462883978
            ],
            [
              7.3881244357,
              46.9462882783
            ],
            [
              7.388125888,
              46.9462827107
            ],
            [
              7.3881507729,
              46.9462857272
            ]
          ]
        ]
      }
    },
    {
      "type": "Feature",
      "id": "b-2011-4-442",
      "properties": {
        "roomId": "b-2011-4-442",
        "floorId": "b-2011-4",
        "buildingId": "b-2011",
        "nr": "442",
        "type": "Büro",
        "area": 23,
        "workspaces": 2,
        "groundElevation": 560,
        "baseHeight": 14,
        "topHeight": 17.5
      },
      "geometry": {
        "type": "Polygon",
        "coordinates": [
          [
            [
              7.3881619478,
              46.9462424915
            ],
            [
              7.3881507729,
              46.9462857272
            ],
            [
              7.3880857801,
              46.9462778489
            ],
            [
              7.3880956501,
              46.9462396621
            ],
            [
              7.388133029,
              46.9462441931
            ],
            [
              7.3881343339,
              46.9462391443
            ],
            [
              7.3881619478,
              46.9462424915
            ]
          ]
        ]
      }
    },
    {
      "type": "Feature",
      "id": "b-2011-4-443",
      "properties": {
        "roomId": "b-2011-4-443",
        "floorId": "b-2011-4",
        "buildingId": "b-2011",
        "nr": "443",
        "type": "Schacht",
        "area": 1,
        "workspaces": 0,
        "groundElevation": 560,
        "baseHeight": 14,
        "topHeight": 17.5
      },
      "geometry": {
        "type": "Polygon",
        "coordinates": [
          [
            [
              7.3881330147,
              46.9462389844
            ],
            [
              7.388131945,
              46.946243123
            ],
            [
              7.3880968812,
              46.9462388727
            ],
            [
              7.3880979509,
              46.946234734
            ],
            [
              7.3881330147,
              46.9462389844
            ]
          ]
        ]
      }
    },
    {
      "type": "Feature",
      "id": "b-2011-4-444",
      "properties": {
        "roomId": "b-2011-4-444",
        "floorId": "b-2011-4",
        "buildingId": "b-2011",
        "nr": "444",
        "type": "Schacht",
        "area": 2,
        "workspaces": 0,
        "groundElevation": 560,
        "baseHeight": 14,
        "topHeight": 17.5
      },
      "geometry": {
        "type": "Polygon",
        "coordinates": [
          [
            [
              7.3880257521,
              46.9464081685
            ],
            [
              7.3880285664,
              46.9464088213
            ],
            [
              7.3880303933,
              46.9464096586
            ],
            [
              7.3880320264,
              46.9464108666
            ],
            [
              7.3880332944,
              46.9464125084
            ],
            [
              7.3880337984,
              46.9464139124
            ],
            [
              7.3880337355,
              46.9464159875
            ],
            [
              7.3880329999,
              46.9464176084
            ],
            [
              7.3880315774,
              46.9464191515
            ],
            [
              7.3880295691,
              46.9464203929
            ],
            [
              7.3880273856,
              46.9464211558
            ],
            [
              7.3880250172,
              46.9464215244
            ],
            [
              7.388022318,
              46.9464214547
            ],
            [
              7.3880198847,
              46.94642093
            ],
            [
              7.3880177344,
              46.9464199977
            ],
            [
              7.3880159307,
              46.9464186471
            ],
            [
              7.3880147757,
              46.9464171148
            ],
            [
              7.3880142017,
              46.9464152182
            ],
            [
              7.3880143346,
              46.9464136358
            ],
            [
              7.3880151407,
              46.9464119113
            ],
            [
              7.3880164927,
              46.9464104717
            ],
            [
              7.3880186338,
              46.9464091696
            ],
            [
              7.3880206545,
              46.9464084749
            ],
            [
              7.3880230682,
              46.9464080978
            ],
            [
              7.3880257521,
              46.9464081685
            ]
          ]
        ]
      }
    },
    {
      "type": "Feature",
      "id": "b-2011-4-445",
      "properties": {
        "roomId": "b-2011-4-445",
        "floorId": "b-2011-4",
        "buildingId": "b-2011",
        "nr": "445",
        "type": "Schacht",
        "area": 2,
        "workspaces": 0,
        "groundElevation": 560,
        "baseHeight": 14,
        "topHeight": 17.5
      },
      "geometry": {
        "type": "Polygon",
        "coordinates": [
          [
            [
              7.3879741245,
              46.9462703548
            ],
            [
              7.3879741187,
              46.9462703769
            ],
            [
              7.3879711957,
              46.9462700226
            ],
            [
              7.3879794283,
              46.9462381711
            ],
            [
              7.3879774203,
              46.9462379277
            ],
            [
              7.3879818823,
              46.9462206644
            ],
            [
              7.3879845208,
              46.9462209842
            ],
            [
              7.3879805876,
              46.9462362014
            ],
            [
              7.388005162,
              46.9462391803
            ],
            [
              7.3880046332,
              46.9462412264
            ],
            [
              7.3879823513,
              46.9462385254
            ],
            [
              7.3879741245,
              46.9462703548
            ]
          ]
        ]
      }
    },
    {
      "type": "Feature",
      "id": "b-2011-4-446",
      "properties": {
        "roomId": "b-2011-4-446",
        "floorId": "b-2011-4",
        "buildingId": "b-2011",
        "nr": "446",
        "type": "Schacht",
        "area": 2,
        "workspaces": 0,
        "groundElevation": 560,
        "baseHeight": 14,
        "topHeight": 17.5
      },
      "geometry": {
        "type": "Polygon",
        "coordinates": [
          [
            [
              7.3880034546,
              46.9462414124
            ],
            [
              7.387999929,
              46.9462550529
            ],
            [
              7.3879792089,
              46.9462525412
            ],
            [
              7.3879827345,
              46.9462389007
            ],
            [
              7.3880034546,
              46.9462414124
            ]
          ]
        ]
      }
    },
    {
      "type": "Feature",
      "id": "b-2011-4-447",
      "properties": {
        "roomId": "b-2011-4-447",
        "floorId": "b-2011-4",
        "buildingId": "b-2011",
        "nr": "447",
        "type": "Schacht",
        "area": 3,
        "workspaces": 0,
        "groundElevation": 560,
        "baseHeight": 14,
        "topHeight": 17.5
      },
      "geometry": {
        "type": "Polygon",
        "coordinates": [
          [
            [
              7.3880047893,
              46.9462389707
            ],
            [
              7.3879808616,
              46.9462360702
            ],
            [
              7.3879847536,
              46.9462210125
            ],
            [
              7.3880086812,
              46.9462239129
            ],
            [
              7.3880047893,
              46.9462389707
            ]
          ]
        ]
      }
    },
    {
      "type": "Feature",
      "id": "b-2011-4-448",
      "properties": {
        "roomId": "b-2011-4-448",
        "floorId": "b-2011-4",
        "buildingId": "b-2011",
        "nr": "448",
        "type": "Schacht",
        "area": 4,
        "workspaces": 0,
        "groundElevation": 560,
        "baseHeight": 14,
        "topHeight": 17.5
      },
      "geometry": {
        "type": "Polygon",
        "coordinates": [
          [
            [
              7.3880298064,
              46.9462441073
            ],
            [
              7.3880049087,
              46.9462410893
            ],
            [
              7.388005436,
              46.9462390491
            ],
            [
              7.3880047893,
              46.9462389707
            ],
            [
              7.3880086812,
              46.9462239129
            ],
            [
              7.3880214211,
              46.9462254573
            ],
            [
              7.3880221079,
              46.9462228
            ],
            [
              7.3880349125,
              46.9462243521
            ],
            [
              7.3880299102,
              46.9462437058
            ],
            [
              7.3880298064,
              46.9462441073
            ]
          ]
        ]
      }
    },
    {
      "type": "Feature",
      "id": "b-2011-4-449",
      "properties": {
        "roomId": "b-2011-4-449",
        "floorId": "b-2011-4",
        "buildingId": "b-2011",
        "nr": "449",
        "type": "Schacht",
        "area": 1,
        "workspaces": 0,
        "groundElevation": 560,
        "baseHeight": 14,
        "topHeight": 17.5
      },
      "geometry": {
        "type": "Polygon",
        "coordinates": [
          [
            [
              7.3880316208,
              46.9462757943
            ],
            [
              7.3880292668,
              46.9462755089
            ],
            [
              7.3880370277,
              46.946245482
            ],
            [
              7.3880393817,
              46.9462457674
            ],
            [
              7.3880316208,
              46.9462757943
            ]
          ]
        ]
      }
    },
    {
      "type": "Feature",
      "id": "b-2011-4-450",
      "properties": {
        "roomId": "b-2011-4-450",
        "floorId": "b-2011-4",
        "buildingId": "b-2011",
        "nr": "450",
        "type": "Schacht",
        "area": 1,
        "workspaces": 0,
        "groundElevation": 560,
        "baseHeight": 14,
        "topHeight": 17.5
      },
      "geometry": {
        "type": "Polygon",
        "coordinates": [
          [
            [
              7.388031246,
              46.9462438403
            ],
            [
              7.3880355409,
              46.9462272236
            ],
            [
              7.3880355546,
              46.9462271705
            ],
            [
              7.3880439261,
              46.9462281853
            ],
            [
              7.3880396106,
              46.9462448816
            ],
            [
              7.3880312392,
              46.9462438669
            ],
            [
              7.388031246,
              46.9462438403
            ]
          ]
        ]
      }
    },
    {
      "type": "Feature",
      "id": "b-2011-4-451",
      "properties": {
        "roomId": "b-2011-4-451",
        "floorId": "b-2011-4",
        "buildingId": "b-2011",
        "nr": "451",
        "type": "Büro",
        "area": 20,
        "workspaces": 2,
        "groundElevation": 560,
        "baseHeight": 14,
        "topHeight": 17.5
      },
      "geometry": {
        "type": "Polygon",
        "coordinates": [
          [
            [
              7.3881420983,
              46.9462044589
            ],
            [
              7.3881087936,
              46.9462004218
            ],
            [
              7.3881130289,
              46.9461840355
            ],
            [
              7.3881692912,
              46.9461908554
            ],
            [
              7.3881568143,
              46.9462391288
            ],
            [
              7.3880949903,
              46.9462316347
            ],
            [
              7.3880992256,
              46.9462152483
            ],
            [
              7.388138092,
              46.9462199596
            ],
            [
              7.3881420983,
              46.9462044589
            ]
          ]
        ]
      }
    },
    {
      "type": "Feature",
      "id": "b-2011-4-452",
      "properties": {
        "roomId": "b-2011-4-452",
        "floorId": "b-2011-4",
        "buildingId": "b-2011",
        "nr": "452",
        "type": "Grossraumbüro",
        "area": 49,
        "workspaces": 8,
        "groundElevation": 560,
        "baseHeight": 14,
        "topHeight": 17.5
      },
      "geometry": {
        "type": "Polygon",
        "coordinates": [
          [
            [
              7.3880949903,
              46.9462316347
            ],
            [
              7.3880711273,
              46.946228742
            ],
            [
              7.3880704405,
              46.9462313993
            ],
            [
              7.3880725542,
              46.9462316555
            ],
            [
              7.388069681,
              46.9462427717
            ],
            [
              7.3880442864,
              46.9462396934
            ],
            [
              7.3880478463,
              46.94622592
            ],
            [
              7.3879469621,
              46.9462136909
            ],
            [
              7.3879471338,
              46.9462130266
            ],
            [
              7.3879412166,
              46.9462123093
            ],
            [
              7.3879465279,
              46.94619176
            ],
            [
              7.3879563253,
              46.9461929476
            ],
            [
              7.3879563597,
              46.9461928147
            ],
            [
              7.3880416715,
              46.9462031561
            ],
            [
              7.3880486311,
              46.9461762293
            ],
            [
              7.3880603233,
              46.9461776466
            ],
            [
              7.3880639089,
              46.9461637741
            ],
            [
              7.388089421,
              46.9461668666
            ],
            [
              7.3880865222,
              46.9461780819
            ],
            [
              7.3880842911,
              46.9461778114
            ],
            [
              7.3880836043,
              46.9461804687
            ],
            [
              7.3881130289,
              46.9461840355
            ],
            [
              7.3881087936,
              46.9462004218
            ],
            [
              7.388103232,
              46.9461997477
            ],
            [
              7.3880992256,
              46.9462152483
            ],
            [
              7.3880949903,
              46.9462316347
            ]
          ]
        ]
      }
    },
    {
      "type": "Feature",
      "id": "b-2011-4-453",
      "properties": {
        "roomId": "b-2011-4-453",
        "floorId": "b-2011-4",
        "buildingId": "b-2011",
        "nr": "453",
        "type": "Büro",
        "area": 19,
        "workspaces": 2,
        "groundElevation": 560,
        "baseHeight": 14,
        "topHeight": 17.5
      },
      "geometry": {
        "type": "Polygon",
        "coordinates": [
          [
            [
              7.388048256,
              46.9461761839
            ],
            [
              7.3880414795,
              46.946202402
            ],
            [
              7.3879565428,
              46.9461921061
            ],
            [
              7.3879633193,
              46.946165888
            ],
            [
              7.388048256,
              46.9461761839
            ]
          ]
        ]
      }
    },
    {
      "type": "Feature",
      "id": "b-2011-4-454",
      "properties": {
        "roomId": "b-2011-4-454",
        "floorId": "b-2011-4",
        "buildingId": "b-2011",
        "nr": "454",
        "type": "Büro",
        "area": 19,
        "workspaces": 2,
        "groundElevation": 560,
        "baseHeight": 14,
        "topHeight": 17.5
      },
      "geometry": {
        "type": "Polygon",
        "coordinates": [
          [
            [
              7.388001773,
              46.9461678088
            ],
            [
              7.387960126,
              46.9461627604
            ],
            [
              7.3879602977,
              46.946162096
            ],
            [
              7.3879560619,
              46.9461615826
            ],
            [
              7.3879681955,
              46.9461146379
            ],
            [
              7.3879724314,
              46.9461151513
            ],
            [
              7.387972593,
              46.9461142574
            ],
            [
              7.3880143073,
              46.946119314
            ],
            [
              7.388001773,
              46.9461678088
            ]
          ]
        ]
      }
    },
    {
      "type": "Feature",
      "id": "b-2011-4-455",
      "properties": {
        "roomId": "b-2011-4-455",
        "floorId": "b-2011-4",
        "buildingId": "b-2011",
        "nr": "455",
        "type": "WC",
        "area": 6,
        "workspaces": 0,
        "groundElevation": 560,
        "baseHeight": 14,
        "topHeight": 17.5
      },
      "geometry": {
        "type": "Polygon",
        "coordinates": [
          [
            [
              7.3880635206,
              46.9461252795
            ],
            [
              7.3880632917,
              46.9461261653
            ],
            [
              7.388070082,
              46.9461269884
            ],
            [
              7.3880671921,
              46.9461381692
            ],
            [
              7.3880140335,
              46.9461317272
            ],
            [
              7.3880171527,
              46.9461196589
            ],
            [
              7.3880635206,
              46.9461252795
            ]
          ]
        ]
      }
    },
    {
      "type": "Feature",
      "id": "b-2011-4-456",
      "properties": {
        "roomId": "b-2011-4-456",
        "floorId": "b-2011-4",
        "buildingId": "b-2011",
        "nr": "456",
        "type": "Nebenraum",
        "area": 10,
        "workspaces": 0,
        "groundElevation": 560,
        "baseHeight": 14,
        "topHeight": 17.5
      },
      "geometry": {
        "type": "Polygon",
        "coordinates": [
          [
            [
              7.3880671921,
              46.9461381692
            ],
            [
              7.3880616686,
              46.9461595397
            ],
            [
              7.3880085104,
              46.9461530959
            ],
            [
              7.388014034,
              46.9461317254
            ],
            [
              7.3880671921,
              46.9461381692
            ]
          ]
        ]
      }
    },
    {
      "type": "Feature",
      "id": "b-2011-4-457",
      "properties": {
        "roomId": "b-2011-4-457",
        "floorId": "b-2011-4",
        "buildingId": "b-2011",
        "nr": "457",
        "type": "WC",
        "area": 6,
        "workspaces": 0,
        "groundElevation": 560,
        "baseHeight": 14,
        "topHeight": 17.5
      },
      "geometry": {
        "type": "Polygon",
        "coordinates": [
          [
            [
              7.3880611649,
              46.9461614883
            ],
            [
              7.3880577767,
              46.9461745974
            ],
            [
              7.3880056532,
              46.9461682791
            ],
            [
              7.3880090415,
              46.94615517
            ],
            [
              7.3880611649,
              46.9461614883
            ]
          ]
        ]
      }
    },
    {
      "type": "Feature",
      "id": "b-2011-4-458",
      "properties": {
        "roomId": "b-2011-4-458",
        "floorId": "b-2011-4",
        "buildingId": "b-2011",
        "nr": "458",
        "type": "Schacht",
        "area": 1,
        "workspaces": 0,
        "groundElevation": 560,
        "baseHeight": 14,
        "topHeight": 17.5
      },
      "geometry": {
        "type": "Polygon",
        "coordinates": [
          [
            [
              7.388147935,
              46.9461812575
            ],
            [
              7.3881468652,
              46.9461853965
            ],
            [
              7.3881118014,
              46.9461811462
            ],
            [
              7.3881128711,
              46.9461770072
            ],
            [
              7.388147935,
              46.9461812575
            ]
          ]
        ]
      }
    },
    {
      "type": "Feature",
      "id": "b-2011-4-459",
      "properties": {
        "roomId": "b-2011-4-459",
        "floorId": "b-2011-4",
        "buildingId": "b-2011",
        "nr": "459",
        "type": "Büro",
        "area": 16,
        "workspaces": 2,
        "groundElevation": 560,
        "baseHeight": 14,
        "topHeight": 17.5
      },
      "geometry": {
        "type": "Polygon",
        "coordinates": [
          [
            [
              7.3881836822,
              46.9461584007
            ],
            [
              7.3881757983,
              46.9461889037
            ],
            [
              7.3881481844,
              46.9461855564
            ],
            [
              7.3881494894,
              46.9461805077
            ],
            [
              7.3881121158,
              46.9461759773
            ],
            [
              7.3881186948,
              46.9461505231
            ],
            [
              7.3881836822,
              46.9461584007
            ]
          ]
        ]
      }
    },
    {
      "type": "Feature",
      "id": "b-2011-4-460",
      "properties": {
        "roomId": "b-2011-4-460",
        "floorId": "b-2011-4",
        "buildingId": "b-2011",
        "nr": "460",
        "type": "Nebenraum",
        "area": 14,
        "workspaces": 0,
        "groundElevation": 560,
        "baseHeight": 14,
        "topHeight": 17.5
      },
      "geometry": {
        "type": "Polygon",
        "coordinates": [
          [
            [
              7.3881792847,
              46.9461578676
            ],
            [
              7.3881186948,
              46.9461505231
            ],
            [
              7.3881252772,
              46.946125056
            ],
            [
              7.3881653723,
              46.9461299163
            ],
            [
              7.3881639269,
              46.9461354865
            ],
            [
              7.3881634728,
              46.9461354922
            ],
            [
              7.3881630636,
              46.9461356108
            ],
            [
              7.3881627257,
              46.9461358467
            ],
            [
              7.3881625568,
              46.9461361426
            ],
            [
              7.3881625582,
              46.9461364302
            ],
            [
              7.3881627519,
              46.9461367474
            ],
            [
              7.3881630633,
              46.9461369565
            ],
            [
              7.3881635148,
              46.9461370809
            ],
            [
              7.3881639757,
              46.9461370742
            ],
            [
              7.3881644107,
              46.9461369411
            ],
            [
              7.3881647345,
              46.9461367003
            ],
            [
              7.3881648849,
              46.9461364248
            ],
            [
              7.3881648635,
              46.9461360762
            ],
            [
              7.3881646779,
              46.9461358085
            ],
            [
              7.3881643683,
              46.9461356063
            ],
            [
              7.3881639269,
              46.9461354865
            ],
            [
              7.3881653723,
              46.9461299163
            ],
            [
              7.3881861256,
              46.9461324319
            ],
            [
              7.3881902645,
              46.9461329336
            ],
            [
              7.3881836822,
              46.9461584007
            ],
            [
              7.3881792847,
              46.9461578676
            ]
          ]
        ]
      }
    },
    {
      "type": "Feature",
      "id": "b-2011-4-461",
      "properties": {
        "roomId": "b-2011-4-461",
        "floorId": "b-2011-4",
        "buildingId": "b-2011",
        "nr": "461",
        "type": "Saal",
        "area": 159,
        "workspaces": 0,
        "groundElevation": 560,
        "baseHeight": 14,
        "topHeight": 17.5
      },
      "geometry": {
        "type": "Polygon",
        "coordinates": [
          [
            [
              7.3881252772,
              46.946125056
            ],
            [
              7.388154895,
              46.946010464
            ],
            [
              7.3880010069,
              46.9459918099
            ],
            [
              7.3880087192,
              46.9459619713
            ],
            [
              7.3880094981,
              46.9459620657
            ],
            [
              7.3880116253,
              46.9459623235
            ],
            [
              7.3880127128,
              46.9459581162
            ],
            [
              7.3880109409,
              46.9459579014
            ],
            [
              7.38801489,
              46.9459426223
            ],
            [
              7.388110813,
              46.9459542499
            ],
            [
              7.3881068067,
              46.9459697505
            ],
            [
              7.3881034898,
              46.9459693484
            ],
            [
              7.3881024596,
              46.9459733343
            ],
            [
              7.3881082798,
              46.9459740398
            ],
            [
              7.38810931,
              46.945970054
            ],
            [
              7.3881068067,
              46.9459697505
            ],
            [
              7.388110813,
              46.9459542499
            ],
            [
              7.3882326308,
              46.9459690163
            ],
            [
              7.3882281075,
              46.9459865174
            ],
            [
              7.3882043738,
              46.9459836405
            ],
            [
              7.3882043752,
              46.9459833484
            ],
            [
              7.3882041758,
              46.9459830233
            ],
            [
              7.3882038584,
              46.9459828142
            ],
            [
              7.3882034178,
              46.9459826947
            ],
            [
              7.3882030305,
              46.9459826919
            ],
            [
              7.3882025456,
              46.9459828231
            ],
            [
              7.388202204,
              46.9459830687
            ],
            [
              7.3882020477,
              46.9459833508
            ],
            [
              7.3882020685,
              46.9459836976
            ],
            [
              7.3882022605,
              46.9459839725
            ],
            [
              7.3882025443,
              46.94598416
            ],
            [
              7.3882030058,
              46.9459842891
            ],
            [
              7.3882035221,
              46.9459842731
            ],
            [
              7.3882039104,
              46.9459841449
            ],
            [
              7.3882041818,
              46.9459839546
            ],
            [
              7.3882043738,
              46.9459836405
            ],
            [
              7.3882281075,
              46.9459865174
            ],
            [
              7.3882149549,
              46.9460374052
            ],
            [
              7.3881912122,
              46.9460345636
            ],
            [
              7.3881911933,
              46.9460342216
            ],
            [
              7.3881910304,
              46.946033972
            ],
            [
              7.3881907252,
              46.9460337588
            ],
            [
              7.3881902542,
              46.9460336253
            ],
            [
              7.3881898726,
              46.9460336219
            ],
            [
              7.3881893947,
              46.9460337479
            ],
            [
              7.3881890424,
              46.9460339971
            ],
            [
              7.3881888841,
              46.9460342814
            ],
            [
              7.3881888888,
              46.9460345805
            ],
            [
              7.3881890958,
              46.9460349021
            ],
            [
              7.3881894043,
              46.9460351014
            ],
            [
              7.3881898421,
              46.9460352197
            ],
            [
              7.388190387,
              46.9460351981
            ],
            [
              7.3881907212,
              46.9460350881
            ],
            [
              7.3881910212,
              46.9460348823
            ],
            [
              7.3881912122,
              46.9460345636
            ],
            [
              7.3882149549,
              46.9460374052
            ],
            [
              7.3882018019,
              46.9460882949
            ],
            [
              7.3881780486,
              46.9460854942
            ],
            [
              7.3881780435,
              46.9460851935
            ],
            [
              7.3881778244,
              46.946084862
            ],
            [
              7.3881775205,
              46.9460846707
            ],
            [
              7.3881770906,
              46.9460845559
            ],
            [
              7.3881766569,
              46.9460845587
            ],
            [
              7.3881762277,
              46.94608468
            ],
            [
              7.3881759235,
              46.9460848816
            ],
            [
              7.3881757205,
              46.946085212
            ],
            [
              7.3881757341,
              46.9460855394
            ],
            [
              7.3881759233,
              46.9460858244
            ],
            [
              7.3881762291,
              46.9460860268
            ],
            [
              7.3881766785,
              46.9460861503
            ],
            [
              7.3881771889,
              46.9460861354
            ],
            [
              7.3881775804,
              46.9460860075
            ],
            [
              7.3881778705,
              46.9460857997
            ],
            [
              7.3881780486,
              46.9460854942
            ],
            [
              7.3882018019,
              46.9460882949
            ],
            [
              7.3881902645,
              46.9461329336
            ],
            [
              7.3881252772,
              46.946125056
            ]
          ]
        ]
      }
    },
    {
      "type": "Feature",
      "id": "b-2011-4-462",
      "properties": {
        "roomId": "b-2011-4-462",
        "floorId": "b-2011-4",
        "buildingId": "b-2011",
        "nr": "462",
        "type": "Nebenraum",
        "area": 15,
        "workspaces": 0,
        "groundElevation": 560,
        "baseHeight": 14,
        "topHeight": 17.5
      },
      "geometry": {
        "type": "Polygon",
        "coordinates": [
          [
            [
              7.3881110546,
              46.9460830371
            ],
            [
              7.3881007296,
              46.9461229844
            ],
            [
              7.3880566252,
              46.9461176381
            ],
            [
              7.3880669501,
              46.9460776908
            ],
            [
              7.3881110546,
              46.9460830371
            ]
          ]
        ]
      }
    },
    {
      "type": "Feature",
      "id": "b-2011-4-463",
      "properties": {
        "roomId": "b-2011-4-463",
        "floorId": "b-2011-4",
        "buildingId": "b-2011",
        "nr": "463",
        "type": "Schacht",
        "area": 4,
        "workspaces": 0,
        "groundElevation": 560,
        "baseHeight": 14,
        "topHeight": 17.5
      },
      "geometry": {
        "type": "Polygon",
        "coordinates": [
          [
            [
              7.3880094722,
              46.9464049279
            ],
            [
              7.3879831937,
              46.9464017425
            ],
            [
              7.3879879974,
              46.9463831573
            ],
            [
              7.3880142759,
              46.9463863427
            ],
            [
              7.3880094722,
              46.9464049279
            ]
          ]
        ]
      }
    },
    {
      "type": "Feature",
      "id": "b-2011-4-464",
      "properties": {
        "roomId": "b-2011-4-464",
        "floorId": "b-2011-4",
        "buildingId": "b-2011",
        "nr": "464",
        "type": "Büro",
        "area": 21,
        "workspaces": 2,
        "groundElevation": 560,
        "baseHeight": 14,
        "topHeight": 17.5
      },
      "geometry": {
        "type": "Polygon",
        "coordinates": [
          [
            [
              7.3880491321,
              46.9463223391
            ],
            [
              7.388034832,
              46.9463776657
            ],
            [
              7.3879907965,
              46.9463723278
            ],
            [
              7.3880050966,
              46.9463170012
            ],
            [
              7.388016883,
              46.9463184299
            ],
            [
              7.388014852,
              46.9463262879
            ],
            [
              7.3880116666,
              46.9463259018
            ],
            [
              7.3880106364,
              46.9463298876
            ],
            [
              7.3880164566,
              46.9463305932
            ],
            [
              7.3880174869,
              46.9463266073
            ],
            [
              7.388014852,
              46.9463262879
            ],
            [
              7.388016883,
              46.9463184299
            ],
            [
              7.3880491321,
              46.9463223391
            ]
          ]
        ]
      }
    },
    {
      "type": "Feature",
      "id": "b-2011-4-465",
      "properties": {
        "roomId": "b-2011-4-465",
        "floorId": "b-2011-4",
        "buildingId": "b-2011",
        "nr": "465",
        "type": "WC",
        "area": 7,
        "workspaces": 0,
        "groundElevation": 560,
        "baseHeight": 14,
        "topHeight": 17.5
      },
      "geometry": {
        "type": "Polygon",
        "coordinates": [
          [
            [
              7.3880584338,
              46.9462866266
            ],
            [
              7.3880536007,
              46.9463053257
            ],
            [
              7.3880094961,
              46.9462999794
            ],
            [
              7.3880143292,
              46.9462812803
            ],
            [
              7.3880584338,
              46.9462866266
            ]
          ]
        ]
      }
    },
    {
      "type": "Feature",
      "id": "b-2011-4-466",
      "properties": {
        "roomId": "b-2011-4-466",
        "floorId": "b-2011-4",
        "buildingId": "b-2011",
        "nr": "466",
        "type": "Saal",
        "area": 107,
        "workspaces": 0,
        "groundElevation": 560,
        "baseHeight": 14,
        "topHeight": 17.5
      },
      "geometry": {
        "type": "Polygon",
        "coordinates": [
          [
            [
              7.3878907583,
              46.946405336
            ],
            [
              7.3878907583,
              46.946405336
            ],
            [
              7.3879001448,
              46.9463690203
            ],
            [
              7.3879066117,
              46.9463698042
            ],
            [
              7.387907642,
              46.9463658183
            ],
            [
              7.387901175,
              46.9463650344
            ],
            [
              7.3879133088,
              46.9463180897
            ],
            [
              7.3879197757,
              46.9463188736
            ],
            [
              7.3879208059,
              46.9463148878
            ],
            [
              7.387914339,
              46.9463141039
            ],
            [
              7.3879265285,
              46.9462669432
            ],
            [
              7.3879268281,
              46.9462672057
            ],
            [
              7.3879325344,
              46.9462678974
            ],
            [
              7.3879330129,
              46.9462676933
            ],
            [
              7.3879330501,
              46.9462677738
            ],
            [
              7.3879703676,
              46.9462722973
            ],
            [
              7.3879737603,
              46.9462727086
            ],
            [
              7.388015245,
              46.9462777373
            ],
            [
              7.3880143292,
              46.9462812803
            ],
            [
              7.387979485,
              46.9464160913
            ],
            [
              7.3878907583,
              46.946405336
            ]
          ]
        ]
      }
    },
    {
      "type": "Feature",
      "id": "b-2011-4-467",
      "properties": {
        "roomId": "b-2011-4-467",
        "floorId": "b-2011-4",
        "buildingId": "b-2011",
        "nr": "467",
        "type": "Saal",
        "area": 199,
        "workspaces": 0,
        "groundElevation": 560,
        "baseHeight": 14,
        "topHeight": 17.5
      },
      "geometry": {
        "type": "Polygon",
        "coordinates": [
          [
            [
              7.3877832266,
              46.9461659456
            ],
            [
              7.3877264976,
              46.9463854244
            ],
            [
              7.3878674772,
              46.9464025139
            ],
            [
              7.3879183772,
              46.9462055854
            ],
            [
              7.3879422078,
              46.9462084741
            ],
            [
              7.3879412166,
              46.9462123093
            ],
            [
              7.3879406669,
              46.9462122427
            ],
            [
              7.3879396366,
              46.9462162286
            ],
            [
              7.3879410594,
              46.946216401
            ],
            [
              7.3879289257,
              46.9462633457
            ],
            [
              7.3879278582,
              46.9462632198
            ],
            [
              7.3879274454,
              46.9462633959
            ],
            [
              7.3878907583,
              46.946405336
            ],
            [
              7.387979485,
              46.9464160913
            ],
            [
              7.3879811591,
              46.9464096143
            ],
            [
              7.3880143346,
              46.9464136358
            ],
            [
              7.3880142017,
              46.9464152182
            ],
            [
              7.3880147757,
              46.9464171148
            ],
            [
              7.3880159307,
              46.9464186471
            ],
            [
              7.3880177344,
              46.9464199977
            ],
            [
              7.3880198847,
              46.94642093
            ],
            [
              7.388022318,
              46.9464214547
            ],
            [
              7.3880250172,
              46.9464215244
            ],
            [
              7.3880273856,
              46.9464211558
            ],
            [
              7.3880295691,
              46.9464203929
            ],
            [
              7.3880315774,
              46.9464191515
            ],
            [
              7.3880329999,
              46.9464176084
            ],
            [
              7.3880337355,
              46.9464159875
            ],
            [
              7.3880337984,
              46.9464139124
            ],
            [
              7.3880332944,
              46.9464125084
            ],
            [
              7.3880320264,
              46.9464108666
            ],
            [
              7.3880303933,
              46.9464096586
            ],
            [
              7.3880285664,
              46.9464088213
            ],
            [
              7.3880257521,
              46.9464081685
            ],
            [
              7.3880230682,
              46.9464080978
            ],
            [
              7.3880206545,
              46.9464084749
            ],
            [
              7.3880186338,
              46.9464091696
            ],
            [
              7.3880164927,
              46.9464104717
            ],
            [
              7.3880151407,
              46.9464119113
            ],
            [
              7.3880143346,
              46.9464136358
            ],
            [
              7.388000803,
              46.9464119955
            ],
            [
              7.3879811591,
              46.9464096143
            ],
            [
              7.3879831937,
              46.9464017425
            ],
            [
              7.3880094722,
              46.9464049279
            ],
            [
              7.3880142759,
              46.9463863427
            ],
            [
              7.3879879974,
              46.9463831573
            ],
            [
              7.3879895617,
              46.9463771049
            ],
            [
              7.3879981628,
              46.9463781475
            ],
            [
              7.3879974725,
              46.9463808182
            ],
            [
              7.3880032928,
              46.9463815237
            ],
            [
              7.388004323,
              46.9463775379
            ],
            [
              7.3879985027,
              46.9463768323
            ],
            [
              7.3879981628,
              46.9463781475
            ],
            [
              7.3879895617,
              46.9463771049
            ],
            [
              7.3879907965,
              46.9463723278
            ],
            [
              7.388034832,
              46.9463776657
            ],
            [
              7.388049132,
              46.9463223396
            ],
            [
              7.3880051656,
              46.94631701
            ],
            [
              7.3880050965,
              46.9463170017
            ],
            [
              7.3880094961,
              46.9462999794
            ],
            [
              7.3880536007,
              46.9463053257
            ],
            [
              7.3880584338,
              46.9462866266
            ],
            [
              7.3880143292,
              46.9462812803
            ],
            [
              7.388015245,
              46.9462777373
            ],
            [
              7.3880238192,
              46.9462787767
            ],
            [
              7.3880238689,
              46.9462787392
            ],
            [
              7.3880241318,
              46.9462789972
            ],
            [
              7.3880296205,
              46.9462796626
            ],
            [
              7.388033824,
              46.9462801721
            ],
            [
              7.3880442864,
              46.9462396934
            ],
            [
              7.388069681,
              46.9462427717
            ],
            [
              7.3880725542,
              46.9462316555
            ],
            [
              7.3880966316,
              46.9462345741
            ],
            [
              7.3880953267,
              46.9462396229
            ],
            [
              7.3880956501,
              46.9462396621
            ],
            [
              7.3880436561,
              46.9464407743
            ],
            [
              7.3879871815,
              46.9464339286
            ],
            [
              7.3879876405,
              46.9464321527
            ],
            [
              7.3879901288,
              46.9464324543
            ],
            [
              7.3879911591,
              46.9464284684
            ],
            [
              7.3879853388,
              46.9464277629
            ],
            [
              7.3879843086,
              46.9464317488
            ],
            [
              7.3879876405,
              46.9464321527
            ],
            [
              7.3879871815,
              46.9464339286
            ],
            [
              7.3879443364,
              46.946428735
            ],
            [
              7.3879458257,
              46.9464229732
            ],
            [
              7.3879425922,
              46.9464225812
            ],
            [
              7.3879422373,
              46.9464239542
            ],
            [
              7.3878936381,
              46.946418063
            ],
            [
              7.387893993,
              46.9464166901
            ],
            [
              7.3878881727,
              46.9464159846
            ],
            [
              7.3878878178,
              46.9464173575
            ],
            [
              7.3877970215,
              46.9464063512
            ],
            [
              7.387796957,
              46.9464063434
            ],
            [
              7.3877973119,
              46.9464049705
            ],
            [
              7.3877914916,
              46.946404265
            ],
            [
              7.3877911368,
              46.9464056379
            ],
            [
              7.3877867716,
              46.9464051087
            ],
            [
              7.3877867544,
              46.9464051752
            ],
            [
              7.3877861523,
              46.9464075047
            ],
            [
              7.3876991724,
              46.9463969564
            ],
            [
              7.3877001459,
              46.946393192
            ],
            [
              7.3876977531,
              46.9463929019
            ],
            [
              7.387709887,
              46.9463459573
            ],
            [
              7.3877126032,
              46.9463462865
            ],
            [
              7.3877136334,
              46.9463423007
            ],
            [
              7.387710915,
              46.9463419711
            ],
            [
              7.387723049,
              46.9462950265
            ],
            [
              7.3877257673,
              46.946295356
            ],
            [
              7.3877267975,
              46.9462913701
            ],
            [
              7.3877240826,
              46.946291041
            ],
            [
              7.3877362165,
              46.9462440963
            ],
            [
              7.3877389314,
              46.9462444254
            ],
            [
              7.3877399617,
              46.9462404396
            ],
            [
              7.3877372456,
              46.9462401103
            ],
            [
              7.3877493794,
              46.9461931656
            ],
            [
              7.3877520955,
              46.9461934949
            ],
            [
              7.3877531258,
              46.946189509
            ],
            [
              7.38774986,
              46.9461891131
            ],
            [
              7.3877566799,
              46.9461627275
            ],
            [
              7.3877832266,
              46.9461659456
            ]
          ]
        ]
      }
    },
    {
      "type": "Feature",
      "id": "b-2011-4-468",
      "properties": {
        "roomId": "b-2011-4-468",
        "floorId": "b-2011-4",
        "buildingId": "b-2011",
        "nr": "468",
        "type": "Schacht",
        "area": 1,
        "workspaces": 0,
        "groundElevation": 560,
        "baseHeight": 14,
        "topHeight": 17.5
      },
      "geometry": {
        "type": "Polygon",
        "coordinates": [
          [
            [
              7.3879293913,
              46.9462634022
            ],
            [
              7.387941525,
              46.9462164575
            ],
            [
              7.3879450624,
              46.9462168863
            ],
            [
              7.3879329287,
              46.946263831
            ],
            [
              7.3879293913,
              46.9462634022
            ]
          ]
        ]
      }
    },
    {
      "type": "Feature",
      "id": "b-2011-4-469",
      "properties": {
        "roomId": "b-2011-4-469",
        "floorId": "b-2011-4",
        "buildingId": "b-2011",
        "nr": "469",
        "type": "Büro",
        "area": 16,
        "workspaces": 2,
        "groundElevation": 560,
        "baseHeight": 14,
        "topHeight": 17.5
      },
      "geometry": {
        "type": "Polygon",
        "coordinates": [
          [
            [
              7.3879709686,
              46.9462699722
            ],
            [
              7.3879709629,
              46.9462699944
            ],
            [
              7.3879335891,
              46.946265464
            ],
            [
              7.3879339156,
              46.9462642007
            ],
            [
              7.3879335888,
              46.9462639145
            ],
            [
              7.3879331615,
              46.9462638592
            ],
            [
              7.3879452952,
              46.9462169145
            ],
            [
              7.3879461036,
              46.9462170125
            ],
            [
              7.3879462753,
              46.9462163482
            ],
            [
              7.38796393,
              46.9462184883
            ],
            [
              7.3879646168,
              46.946215831
            ],
            [
              7.3879774214,
              46.9462173832
            ],
            [
              7.3879767346,
              46.9462200404
            ],
            [
              7.3879816494,
              46.9462206362
            ],
            [
              7.387977105,
              46.9462382183
            ],
            [
              7.387979113,
              46.9462384617
            ],
            [
              7.3879709686,
              46.9462699722
            ]
          ]
        ]
      }
    },
    {
      "type": "Feature",
      "id": "b-2011-4-470",
      "properties": {
        "roomId": "b-2011-4-470",
        "floorId": "b-2011-4",
        "buildingId": "b-2011",
        "nr": "470",
        "type": "Schacht",
        "area": 1,
        "workspaces": 0,
        "groundElevation": 560,
        "baseHeight": 14,
        "topHeight": 17.5
      },
      "geometry": {
        "type": "Polygon",
        "coordinates": [
          [
            [
              7.3879333029,
              46.9462665712
            ],
            [
              7.3880241551,
              46.9462775841
            ],
            [
              7.3880241671,
              46.9462775856
            ],
            [
              7.3880240138,
              46.9462781788
            ],
            [
              7.3880239362,
              46.9462781693
            ],
            [
              7.3880099525,
              46.9462764743
            ],
            [
              7.3880098655,
              46.9462768112
            ],
            [
              7.3880039966,
              46.9462760997
            ],
            [
              7.388004008,
              46.9462760554
            ],
            [
              7.3880040836,
              46.9462757629
            ],
            [
              7.3880032688,
              46.9462756641
            ],
            [
              7.3879601997,
              46.9462704433
            ],
            [
              7.3879601241,
              46.9462707359
            ],
            [
              7.3879467108,
              46.94626911
            ],
            [
              7.3879468161,
              46.9462687025
            ],
            [
              7.3879331793,
              46.9462670495
            ],
            [
              7.3879333029,
              46.9462665712
            ]
          ]
        ]
      }
    },
    {
      "type": "Feature",
      "id": "b-2011-4-471",
      "properties": {
        "roomId": "b-2011-4-471",
        "floorId": "b-2011-4",
        "buildingId": "b-2011",
        "nr": "471",
        "type": "Nebenraum",
        "area": 12,
        "workspaces": 0,
        "groundElevation": 560,
        "baseHeight": 14,
        "topHeight": 17.5
      },
      "geometry": {
        "type": "Polygon",
        "coordinates": [
          [
            [
              7.3879743573,
              46.946270383
            ],
            [
              7.3879787471,
              46.9462533988
            ],
            [
              7.388001029,
              46.9462560997
            ],
            [
              7.3880049087,
              46.9462410893
            ],
            [
              7.3880298064,
              46.9462441073
            ],
            [
              7.3880296813,
              46.9462445915
            ],
            [
              7.3880367949,
              46.9462454538
            ],
            [
              7.388029034,
              46.9462754807
            ],
            [
              7.3880251619,
              46.9462750114
            ],
            [
              7.3880247858,
              46.9462751919
            ],
            [
              7.3880244533,
              46.9462764783
            ],
            [
              7.3879743516,
              46.9462704052
            ],
            [
              7.3879743573,
              46.946270383
            ]
          ]
        ]
      }
    },
    {
      "type": "Feature",
      "id": "b-2011-4-472",
      "properties": {
        "roomId": "b-2011-4-472",
        "floorId": "b-2011-4",
        "buildingId": "b-2011",
        "nr": "472",
        "type": "Saal",
        "area": 208,
        "workspaces": 0,
        "groundElevation": 560,
        "baseHeight": 14,
        "topHeight": 17.5
      },
      "geometry": {
        "type": "Polygon",
        "coordinates": [
          [
            [
              7.3880773898,
              46.9460789563
            ],
            [
              7.3880669501,
              46.9460776908
            ],
            [
              7.3880754547,
              46.9460447866
            ],
            [
              7.3881072931,
              46.946048646
            ],
            [
              7.3881083125,
              46.9460486554
            ],
            [
              7.3881082827,
              46.9460501785
            ],
            [
              7.3881091908,
              46.9460517035
            ],
            [
              7.388110682,
              46.9460535705
            ],
            [
              7.3881120859,
              46.9460545774
            ],
            [
              7.3881139088,
              46.9460554193
            ],
            [
              7.388116754,
              46.9460560831
            ],
            [
              7.3881194414,
              46.9460561536
            ],
            [
              7.3881218299,
              46.9460557821
            ],
            [
              7.3881241161,
              46.9460549689
            ],
            [
              7.3881243419,
              46.94605519
            ],
            [
              7.3881268267,
              46.9460535
            ],
            [
              7.3881277364,
              46.9460524342
            ],
            [
              7.3881285594,
              46.9460506629
            ],
            [
              7.3881286695,
              46.9460487712
            ],
            [
              7.3881279304,
              46.9460467452
            ],
            [
              7.3881268271,
              46.9460453805
            ],
            [
              7.3881250494,
              46.9460440612
            ],
            [
              7.3881227108,
              46.9460430528
            ],
            [
              7.3881202233,
              46.9460425271
            ],
            [
              7.388117498,
              46.9460424555
            ],
            [
              7.3881148254,
              46.946042883
            ],
            [
              7.3881124677,
              46.9460437544
            ],
            [
              7.3881103445,
              46.9460451674
            ],
            [
              7.3881091448,
              46.9460465356
            ],
            [
              7.3881083153,
              46.9460485145
            ],
            [
              7.3881083125,
              46.9460486554
            ],
            [
              7.3881072931,
              46.946048646
            ],
            [
              7.3880717316,
              46.9460443353
            ],
            [
              7.3880781294,
              46.9460195823
            ],
            [
              7.3880901301,
              46.946021037
            ],
            [
              7.3880892958,
              46.9460242649
            ],
            [
              7.3880951161,
              46.9460249704
            ],
            [
              7.3880961463,
              46.9460209846
            ],
            [
              7.388090326,
              46.946020279
            ],
            [
              7.3880901301,
              46.946021037
            ],
            [
              7.3880781294,
              46.9460195823
            ],
            [
              7.3880794808,
              46.9460143535
            ],
            [
              7.3880794808,
              46.9460143535
            ],
            [
              7.3880794808,
              46.9460143535
            ],
            [
              7.3879977178,
              46.9460044423
            ],
            [
              7.3879976503,
              46.9460047036
            ],
            [
              7.3879965622,
              46.9460089131
            ],
            [
              7.3879965558,
              46.9460089124
            ],
            [
              7.3879931606,
              46.9460085008
            ],
            [
              7.3879921304,
              46.9460124867
            ],
            [
              7.3879955256,
              46.9460128982
            ],
            [
              7.3879951822,
              46.9460142268
            ],
            [
              7.3879922721,
              46.9460138741
            ],
            [
              7.3879868921,
              46.9460346892
            ],
            [
              7.3879865687,
              46.94603465
            ],
            [
              7.3879659644,
              46.9461143674
            ],
            [
              7.3879681955,
              46.9461146379
            ],
            [
              7.3879560619,
              46.9461615826
            ],
            [
              7.3879538308,
              46.9461613121
            ],
            [
              7.3879528006,
              46.946165298
            ],
            [
              7.3879592675,
              46.9461660819
            ],
            [
              7.3879594392,
              46.9461654176
            ],
            [
              7.3879622846,
              46.9461657625
            ],
            [
              7.3879558629,
              46.9461906078
            ],
            [
              7.3879465506,
              46.946189479
            ],
            [
              7.3879459782,
              46.9461916933
            ],
            [
              7.3879465279,
              46.94619176
            ],
            [
              7.3879422078,
              46.9462084741
            ],
            [
              7.3879183772,
              46.9462055854
            ],
            [
              7.3879221387,
              46.9461910322
            ],
            [
              7.3879633227,
              46.9460316928
            ],
            [
              7.3879648101,
              46.9460318731
            ],
            [
              7.3879726168,
              46.9460016691
            ],
            [
              7.3879142853,
              46.9459945982
            ],
            [
              7.3879064785,
              46.9460248022
            ],
            [
              7.3878928334,
              46.9460231481
            ],
            [
              7.3878985219,
              46.9460011395
            ],
            [
              7.3879017553,
              46.9460015315
            ],
            [
              7.3879027856,
              46.9459975456
            ],
            [
              7.3878963186,
              46.9459967617
            ],
            [
              7.3878952884,
              46.9460007475
            ],
            [
              7.3878985219,
              46.9460011395
            ],
            [
              7.3878928334,
              46.9460231481
            ],
            [
              7.3878791882,
              46.9460214941
            ],
            [
              7.3878869949,
              46.94599129
            ],
            [
              7.3878286634,
              46.9459842191
            ],
            [
              7.3878208566,
              46.9460144231
            ],
            [
              7.387822344,
              46.9460146034
            ],
            [
              7.3877832756,
              46.946165756
            ],
            [
              7.3877832266,
              46.9461659456
            ],
            [
              7.3877566799,
              46.9461627275
            ],
            [
              7.3877570991,
              46.9461611057
            ],
            [
              7.3877619938,
              46.9461421684
            ],
            [
              7.3877652596,
              46.9461425643
            ],
            [
              7.3877662898,
              46.9461385784
            ],
            [
              7.3877635737,
              46.9461382492
            ],
            [
              7.3877757076,
              46.9460913045
            ],
            [
              7.3877784237,
              46.9460916338
            ],
            [
              7.3877794539,
              46.9460876479
            ],
            [
              7.3877767378,
              46.9460873186
            ],
            [
              7.3877888706,
              46.9460403738
            ],
            [
              7.3877915877,
              46.9460407032
            ],
            [
              7.3877926179,
              46.9460367173
            ],
            [
              7.3877897297,
              46.9460363672
            ],
            [
              7.3878018635,
              46.9459894225
            ],
            [
              7.3878047517,
              46.9459897726
            ],
            [
              7.3878057819,
              46.9459857868
            ],
            [
              7.3878027712,
              46.9459854218
            ],
            [
              7.3878038592,
              46.9459812123
            ],
            [
              7.3878072458,
              46.9459681098
            ],
            [
              7.3879043824,
              46.9459798847
            ],
            [
              7.3879046453,
              46.9459788683
            ],
            [
              7.3879042894,
              46.9459788252
            ],
            [
              7.3879116858,
              46.9459502089
            ],
            [
              7.3879145959,
              46.9459505617
            ],
            [
              7.3879148592,
              46.9459495431
            ],
            [
              7.3879149237,
              46.9459495509
            ],
            [
              7.3879423112,
              46.9459528708
            ],
            [
              7.3879354067,
              46.9459795841
            ],
            [
              7.388002078,
              46.945987666
            ],
            [
              7.3880010069,
              46.9459918099
            ],
            [
              7.388154895,
              46.946010464
            ],
            [
              7.3881121158,
              46.9461759773
            ],
            [
              7.3881117871,
              46.9461759375
            ],
            [
              7.3881104822,
              46.9461809863
            ],
            [
              7.3880865222,
              46.9461780819
            ],
            [
              7.388089421,
              46.9461668666
            ],
            [
              7.3880639089,
              46.9461637741
            ],
            [
              7.3880743456,
              46.9461233945
            ],
            [
              7.3880643219,
              46.9461221794
            ],
            [
              7.3880642532,
              46.9461224451
            ],
            [
              7.3880642144,
              46.9461224404
            ],
            [
              7.3880556522,
              46.9461214025
            ],
            [
              7.3880566252,
              46.9461176381
            ],
            [
              7.3881007296,
              46.9461229844
            ],
            [
              7.3881110546,
              46.9460830371
            ],
            [
              7.3880810715,
              46.9460794026
            ],
            [
              7.3880793338,
              46.9460791919
            ],
            [
              7.3880802381,
              46.9460756932
            ],
            [
              7.3880819523,
              46.946075901
            ],
            [
              7.3880829825,
              46.9460719152
            ],
            [
              7.3880771623,
              46.9460712096
            ],
            [
              7.3880761321,
              46.9460751955
            ],
            [
              7.3880802381,
              46.9460756932
            ],
            [
              7.3880793338,
              46.9460791919
            ],
            [
              7.3880773898,
              46.9460789563
            ]
          ]
        ]
      }
    },
    {
      "type": "Feature",
      "id": "b-2011-4-473",
      "properties": {
        "roomId": "b-2011-4-473",
        "floorId": "b-2011-4",
        "buildingId": "b-2011",
        "nr": "473",
        "type": "Schacht",
        "area": 2,
        "workspaces": 0,
        "groundElevation": 560,
        "baseHeight": 14,
        "topHeight": 17.5
      },
      "geometry": {
        "type": "Polygon",
        "coordinates": [
          [
            [
              7.388116754,
              46.9460560831
            ],
            [
              7.3881139088,
              46.9460554193
            ],
            [
              7.3881120859,
              46.9460545774
            ],
            [
              7.388110682,
              46.9460535705
            ],
            [
              7.3881091908,
              46.9460517035
            ],
            [
              7.3881082827,
              46.9460501785
            ],
            [
              7.3881083153,
              46.9460485145
            ],
            [
              7.3881091448,
              46.9460465356
            ],
            [
              7.3881103445,
              46.9460451674
            ],
            [
              7.3881124677,
              46.9460437544
            ],
            [
              7.3881148254,
              46.946042883
            ],
            [
              7.388117498,
              46.9460424555
            ],
            [
              7.3881202233,
              46.9460425271
            ],
            [
              7.3881227108,
              46.9460430528
            ],
            [
              7.3881250494,
              46.9460440612
            ],
            [
              7.3881268271,
              46.9460453805
            ],
            [
              7.3881279304,
              46.9460467452
            ],
            [
              7.3881286695,
              46.9460487712
            ],
            [
              7.3881285594,
              46.9460506629
            ],
            [
              7.3881277364,
              46.9460524342
            ],
            [
              7.3881268267,
              46.9460535
            ],
            [
              7.3881243419,
              46.94605519
            ],
            [
              7.3881241161,
              46.9460549689
            ],
            [
              7.3881218299,
              46.9460557821
            ],
            [
              7.3881194414,
              46.9460561536
            ],
            [
              7.388116754,
              46.9460560831
            ]
          ]
        ]
      }
    },
    {
      "type": "Feature",
      "id": "b-2011-4-474",
      "properties": {
        "roomId": "b-2011-4-474",
        "floorId": "b-2011-4",
        "buildingId": "b-2011",
        "nr": "474",
        "type": "Büro",
        "area": 21,
        "workspaces": 2,
        "groundElevation": 560,
        "baseHeight": 14,
        "topHeight": 17.5
      },
      "geometry": {
        "type": "Polygon",
        "coordinates": [
          [
            [
              7.3879985974,
              46.9460132706
            ],
            [
              7.3879996276,
              46.9460092847
            ],
            [
              7.3879965622,
              46.9460089131
            ],
            [
              7.3879977178,
              46.9460044423
            ],
            [
              7.3880794808,
              46.9460143535
            ],
            [
              7.3880717316,
              46.9460443353
            ],
            [
              7.3879928722,
              46.9460347761
            ],
            [
              7.3879980923,
              46.9460145796
            ],
            [
              7.3879951822,
              46.9460142268
            ],
            [
              7.3879955256,
              46.9460128982
            ],
            [
              7.3879985974,
              46.9460132706
            ]
          ]
        ]
      }
    },
    {
      "type": "Feature",
      "id": "b-2011-4-475",
      "properties": {
        "roomId": "b-2011-4-475",
        "floorId": "b-2011-4",
        "buildingId": "b-2011",
        "nr": "475",
        "type": "Schacht",
        "area": 1,
        "workspaces": 0,
        "groundElevation": 560,
        "baseHeight": 14,
        "topHeight": 17.5
      },
      "geometry": {
        "type": "Polygon",
        "coordinates": [
          [
            [
              7.3879965922,
              46.9460153387
            ],
            [
              7.3879917342,
              46.9460341343
            ],
            [
              7.3879884425,
              46.9460337353
            ],
            [
              7.3879933125,
              46.9460148932
            ],
            [
              7.3879966042,
              46.9460152922
            ],
            [
              7.3879965922,
              46.9460153387
            ]
          ]
        ]
      }
    },
    {
      "type": "Feature",
      "id": "b-2011-4-476",
      "properties": {
        "roomId": "b-2011-4-476",
        "floorId": "b-2011-4",
        "buildingId": "b-2011",
        "nr": "476",
        "type": "Grossraumbüro",
        "area": 59,
        "workspaces": 9,
        "groundElevation": 560,
        "baseHeight": 14,
        "topHeight": 17.5
      },
      "geometry": {
        "type": "Polygon",
        "coordinates": [
          [
            [
              7.3879669946,
              46.9461103816
            ],
            [
              7.3879791283,
              46.9460634368
            ],
            [
              7.3879855952,
              46.9460642208
            ],
            [
              7.3879866254,
              46.9460602349
            ],
            [
              7.3879801585,
              46.946059451
            ],
            [
              7.3879865687,
              46.94603465
            ],
            [
              7.3879927123,
              46.9460353947
            ],
            [
              7.3879928722,
              46.9460347761
            ],
            [
              7.3880717316,
              46.9460443353
            ],
            [
              7.3880754547,
              46.9460447866
            ],
            [
              7.3880745926,
              46.9460481223
            ],
            [
              7.3880556522,
              46.9461214025
            ],
            [
              7.3879734317,
              46.9461114359
            ],
            [
              7.3879733929,
              46.9461114312
            ],
            [
              7.3879734616,
              46.9461111655
            ],
            [
              7.3879669946,
              46.9461103816
            ]
          ]
        ]
      }
    },
    {
      "type": "Feature",
      "id": "b-2011-4-477",
      "properties": {
        "roomId": "b-2011-4-477",
        "floorId": "b-2011-4",
        "buildingId": "b-2011",
        "nr": "477",
        "type": "Büro",
        "area": 16,
        "workspaces": 2,
        "groundElevation": 560,
        "baseHeight": 14,
        "topHeight": 17.5
      },
      "geometry": {
        "type": "Polygon",
        "coordinates": [
          [
            [
              7.3879374692,
              46.9459716044
            ],
            [
              7.3879423112,
              46.9459528708
            ],
            [
              7.3880060684,
              46.9459605994
            ],
            [
              7.3880058051,
              46.945961618
            ],
            [
              7.3880087192,
              46.9459619713
            ],
            [
              7.388002078,
              46.945987666
            ],
            [
              7.3879354067,
              46.9459795841
            ],
            [
              7.3879374692,
              46.9459716044
            ]
          ]
        ]
      }
    },
    {
      "type": "Feature",
      "id": "b-2011-4-478",
      "properties": {
        "roomId": "b-2011-4-478",
        "floorId": "b-2011-4",
        "buildingId": "b-2011",
        "nr": "478",
        "type": "Nebenraum",
        "area": 13,
        "workspaces": 0,
        "groundElevation": 560,
        "baseHeight": 14,
        "topHeight": 17.5
      },
      "geometry": {
        "type": "Polygon",
        "coordinates": [
          [
            [
              7.3879295788,
              46.9459480388
            ],
            [
              7.387934913,
              46.9459274008
            ],
            [
              7.3879578147,
              46.945930177
            ],
            [
              7.3879577913,
              46.9459302655
            ],
            [
              7.387955502,
              46.945939123
            ],
            [
              7.3879547694,
              46.9459419574
            ],
            [
              7.3879890215,
              46.9459461094
            ],
            [
              7.3879897541,
              46.945943275
            ],
            [
              7.387955502,
              46.945939123
            ],
            [
              7.3879577913,
              46.9459302655
            ],
            [
              7.3879578147,
              46.945930177
            ],
            [
              7.3880118775,
              46.9459367304
            ],
            [
              7.3880065434,
              46.9459573684
            ],
            [
              7.3879295788,
              46.9459480388
            ]
          ]
        ]
      }
    },
    {
      "type": "Feature",
      "id": "b-2011-4-479",
      "properties": {
        "roomId": "b-2011-4-479",
        "floorId": "b-2011-4",
        "buildingId": "b-2011",
        "nr": "479",
        "type": "Schacht",
        "area": 2,
        "workspaces": 0,
        "groundElevation": 560,
        "baseHeight": 14,
        "topHeight": 17.5
      },
      "geometry": {
        "type": "Polygon",
        "coordinates": [
          [
            [
              7.3879333609,
              46.9459272127
            ],
            [
              7.3879280267,
              46.9459478506
            ],
            [
              7.3879143253,
              46.9459461898
            ],
            [
              7.3879196595,
              46.9459255518
            ],
            [
              7.3879333609,
              46.9459272127
            ]
          ]
        ]
      }
    },
    {
      "type": "Feature",
      "id": "b-2011-4-480",
      "properties": {
        "roomId": "b-2011-4-480",
        "floorId": "b-2011-4",
        "buildingId": "b-2011",
        "nr": "480",
        "type": "Grossraumbüro",
        "area": 40,
        "workspaces": 6,
        "groundElevation": 560,
        "baseHeight": 14,
        "topHeight": 17.5
      },
      "geometry": {
        "type": "Polygon",
        "coordinates": [
          [
            [
              7.387913442,
              46.9459320604
            ],
            [
              7.3879099278,
              46.9459456567
            ],
            [
              7.3879098631,
              46.9459456489
            ],
            [
              7.3879087757,
              46.9459498562
            ],
            [
              7.3879116858,
              46.9459502089
            ],
            [
              7.3879042894,
              46.9459788252
            ],
            [
              7.3879046453,
              46.9459788683
            ],
            [
              7.3879046382,
              46.9459788949
            ],
            [
              7.3879043824,
              46.9459798847
            ],
            [
              7.3878072458,
              46.9459681098
            ],
            [
              7.3878149049,
              46.9459384771
            ],
            [
              7.3878175923,
              46.9459388029
            ],
            [
              7.3878186225,
              46.945934817
            ],
            [
              7.3878160042,
              46.9459344996
            ],
            [
              7.3878195756,
              46.9459206818
            ],
            [
              7.387913442,
              46.9459320604
            ]
          ]
        ]
      }
    },
    {
      "type": "Feature",
      "id": "b-2011-4-481",
      "properties": {
        "roomId": "b-2011-4-481",
        "floorId": "b-2011-4",
        "buildingId": "b-2011",
        "nr": "481",
        "type": "Nebenraum",
        "area": 15,
        "workspaces": 0,
        "groundElevation": 560,
        "baseHeight": 14,
        "topHeight": 17.5
      },
      "geometry": {
        "type": "Polygon",
        "coordinates": [
          [
            [
              7.3879726168,
              46.9460016691
            ],
            [
              7.3879648101,
              46.9460318731
            ],
            [
              7.3879064785,
              46.9460248022
            ],
            [
              7.3879142853,
              46.9459945982
            ],
            [
              7.3879726168,
              46.9460016691
            ]
          ]
        ]
      }
    },
    {
      "type": "Feature",
      "id": "b-2011-4-482",
      "properties": {
        "roomId": "b-2011-4-482",
        "floorId": "b-2011-4",
        "buildingId": "b-2011",
        "nr": "482",
        "type": "Nebenraum",
        "area": 15,
        "workspaces": 0,
        "groundElevation": 560,
        "baseHeight": 14,
        "topHeight": 17.5
      },
      "geometry": {
        "type": "Polygon",
        "coordinates": [
          [
            [
              7.3878869949,
              46.94599129
            ],
            [
              7.3878791882,
              46.9460214941
            ],
            [
              7.3878208566,
              46.9460144231
            ],
            [
              7.3878286634,
              46.9459842191
            ],
            [
              7.3878869949,
              46.94599129
            ]
          ]
        ]
      }
    },
    {
      "type": "Feature",
      "id": "b-2011-4-483",
      "properties": {
        "roomId": "b-2011-4-483",
        "floorId": "b-2011-4",
        "buildingId": "b-2011",
        "nr": "483",
        "type": "Saal",
        "area": 80,
        "workspaces": 0,
        "groundElevation": 560,
        "baseHeight": 14,
        "topHeight": 17.5
      },
      "geometry": {
        "type": "Polygon",
        "coordinates": [
          [
            [
              7.3878005026,
              46.9460991061
            ],
            [
              7.387822344,
              46.9460146034
            ],
            [
              7.3878791882,
              46.9460214941
            ],
            [
              7.3879064785,
              46.9460248022
            ],
            [
              7.3879633227,
              46.9460316928
            ],
            [
              7.3879535008,
              46.9460696937
            ],
            [
              7.3878959452,
              46.9460627168
            ],
            [
              7.3878885914,
              46.946052462
            ],
            [
              7.3878896216,
              46.9460484762
            ],
            [
              7.3878831547,
              46.9460476922
            ],
            [
              7.3878821245,
              46.9460516781
            ],
            [
              7.3878885914,
              46.946052462
            ],
            [
              7.3878959452,
              46.9460627168
            ],
            [
              7.3878839259,
              46.9461092187
            ],
            [
              7.3878754275,
              46.9461033926
            ],
            [
              7.3878764577,
              46.9460994067
            ],
            [
              7.3878699908,
              46.9460986228
            ],
            [
              7.3878689606,
              46.9461026087
            ],
            [
              7.3878754275,
              46.9461033926
            ],
            [
              7.3878839259,
              46.9461092187
            ],
            [
              7.3878005026,
              46.9460991061
            ]
          ]
        ]
      }
    },
    {
      "type": "Feature",
      "id": "b-2011-4-484",
      "properties": {
        "roomId": "b-2011-4-484",
        "floorId": "b-2011-4",
        "buildingId": "b-2011",
        "nr": "484",
        "type": "Büro",
        "area": 18,
        "workspaces": 2,
        "groundElevation": 560,
        "baseHeight": 14,
        "topHeight": 17.5
      },
      "geometry": {
        "type": "Polygon",
        "coordinates": [
          [
            [
              7.3877873818,
              46.9461514176
            ],
            [
              7.3879217563,
              46.9461909634
            ],
            [
              7.3879221443,
              46.9461910104
            ],
            [
              7.3879183772,
              46.9462055854
            ],
            [
              7.3879179892,
              46.9462055383
            ],
            [
              7.3877836146,
              46.9461659926
            ],
            [
              7.3877832266,
              46.9461659456
            ],
            [
              7.3877869938,
              46.9461513706
            ],
            [
              7.3877873818,
              46.9461514176
            ]
          ]
        ]
      }
    },
    {
      "type": "Feature",
      "id": "b-2011-4-485",
      "properties": {
        "roomId": "b-2011-4-485",
        "floorId": "b-2011-4",
        "buildingId": "b-2011",
        "nr": "485",
        "type": "Saal",
        "area": 94,
        "workspaces": 0,
        "groundElevation": 560,
        "baseHeight": 14,
        "topHeight": 17.5
      },
      "geometry": {
        "type": "Polygon",
        "coordinates": [
          [
            [
              7.3878802406,
              46.9463531334
            ],
            [
              7.3878674772,
              46.9464025139
            ],
            [
              7.3877264976,
              46.9463854244
            ],
            [
              7.3877512805,
              46.9462895421
            ],
            [
              7.3878219095,
              46.9462981037
            ],
            [
              7.3878207075,
              46.9463027539
            ],
            [
              7.3878173348,
              46.9463023451
            ],
            [
              7.3878163045,
              46.9463063309
            ],
            [
              7.3878227715,
              46.9463071148
            ],
            [
              7.3878238017,
              46.946303129
            ],
            [
              7.3878207075,
              46.9463027539
            ],
            [
              7.3878219095,
              46.9462981037
            ],
            [
              7.3878347041,
              46.9462996547
            ],
            [
              7.3878226847,
              46.9463461565
            ],
            [
              7.3878106377,
              46.9463540595
            ],
            [
              7.3878041707,
              46.9463532756
            ],
            [
              7.3878031405,
              46.9463572615
            ],
            [
              7.3878096074,
              46.9463580454
            ],
            [
              7.3878106377,
              46.9463540595
            ],
            [
              7.3878226847,
              46.9463461565
            ],
            [
              7.3878802406,
              46.9463531334
            ]
          ]
        ]
      }
    }
  ]
}
